"","E_T1","E_T2","E_T3","gender"
"1",3.68861270110445,4.16467576039822,3.97868975055256,0
"2",3.78522507857407,5.87440695237328,5.79514775509457,0
"3",2.42153416121119,3.09166429822655,3.62745958999867,1
"4",5.05009475397217,4.59875492596478,5.03570859626204,1
"5",4.81691670787973,4.27481213605555,5.07178106441111,0
"6",3.14609338417304,3.73258790941469,4.16935084867658,0
"7",4.46304567682382,4.80885200976613,3.97989395432255,1
"8",2.98406574764187,4.25767683806435,3.85841153976335,0
"9",2.69820753844637,2.74239699900985,3.53159273045661,1
"10",3.90171305969245,4.6499039755528,5.31848156961521,1
"11",3.87282644702229,3.93023665524079,3.50891535018101,0
"12",2.9257579441296,2.44151701556165,3.42993322024324,0
"13",3.09516408653987,4.31699422924095,5.32316894766767,1
"14",3.99036165234643,4.29974175906299,4.44105988494873,0
"15",4.99157021196985,4.61939859179268,4.34122506604406,1
"16",3.58215020048407,4.20475902141821,4.7221222354047,1
"17",2.48274284519141,3.09379396931184,3.14062290130814,0
"18",2.15118889668972,1.83011062520123,2.39579677051133,1
"19",4.1261185035282,4.58615144926294,3.65543919543745,1
"20",3.15540615066261,3.68413480592421,3.80183057790043,0
"21",3.66485582644562,3.86920960624668,3.9803572936601,0
"22",3.48388965937714,4.15350670834188,4.0834167233739,0
"23",4.34515008687282,5.08099149560364,6.21931016137136,1
"24",2.02097344849035,2.8750151483994,2.70092157658044,0
"25",3.45433439533057,5.38342387093818,5.01703524136448,1
"26",2.89326331869403,3.2929437260456,3.75190443364083,0
"27",3.10597218679117,3.54406082310174,4.03680837341578,1
"28",3.76414695701294,5.06720595190031,4.70597695373132,1
"29",3.29696273462573,2.93925154922257,3.64609831247057,0
"30",3.58453705840402,3.93798450586023,3.86756457916372,1
"31",2.87790448275572,3.92148895358693,4.62718667440628,1
"32",1.57350697345492,2.59972253836932,3.31496883545523,0
"33",2.69601700089094,3.3866803861721,3.85304450926875,0
"34",4.18111552324459,3.88994124051316,5.35481349668358,0
"35",3.63704626690879,3.67641326790944,4.04974984957548,1
"36",3.48719581038848,3.51152208022037,4.65176916300623,1
"37",3.77398279371159,4.85052756476617,5.31640606710324,0
"38",3.89918205724045,4.10570921119038,3.75714164639972,0
"39",4.53541143636571,5.73875767370506,4.90336414389388,1
"40",2.05590647510732,2.42762773276217,3.71397454312314,0
"41",2.03051746339956,3.30588524262343,3.71325846669341,1
"42",4.21389366053416,4.7229183139741,5.65150148758667,1
"43",3.62968632632128,2.92158091810562,4.53437122368069,1
"44",3.83794684897279,4.00028856040192,4.05069704574717,0
"45",2.13693637347636,3.4568773805561,2.63800280967769,1
"46",3.46957468059042,3.78535503599977,4.17577025794661,1
"47",4.84616540438524,5.64400037033286,4.76997826029134,1
"48",3.33838677086244,3.16458784690526,3.59671905488464,1
"49",3.38184230017129,4.76125862988028,4.6812601157309,0
"50",4.73897729926687,2.90328465697635,4.00089265813065,0
"51",3.60991241647672,3.94875787980737,3.10499209914799,1
"52",1.99748388647171,1.6951685009079,3.30818254493416,0
"53",4.25568000794275,4.68038634807985,5.18793523919659,0
"54",2.48471601756147,3.64646496684215,3.88853142594877,0
"55",4.06940189159228,4.80523780267565,4.70209823972893,0
"56",2.1908347251278,3.11723110743328,3.78324107634144,0
"57",3.12727245285453,3.73348566084014,3.31908162536303,0
"58",2.71510138313771,3.92828206141606,4.62760733188685,1
"59",3.46400444962985,3.02658852634653,3.87768328280398,1
"60",2.42965729291461,2.97173190296081,3.60955684151129,1
"61",3.97997770037866,4.65625483444183,5.45291919660875,0
"62",2.66303669208228,2.14488803508485,2.89428347151878,0
"63",4.16402031703758,5.1928584921413,4.71212724335141,0
"64",3.76421386007344,4.28642174093111,3.640788864506,0
"65",3.74248549237963,3.25220352149953,3.79079828125035,1
"66",4.10274174298361,4.12804601860352,5.0495165723804,0
"67",4.0830094060102,3.71360415663804,3.0116171040357,0
"68",3.13598681714603,4.25885687109785,4.46880753938458,0
"69",2.89129770495792,2.82139562774466,4.3094426635973,0
"70",3.20375382739518,2.98652990577091,4.29033096162798,1
"71",3.15921425611667,4.44023133974363,3.85686991135747,1
"72",2.99659001076718,3.34448073621437,4.2946019427874,1
"73",4.37409120415771,4.94534480796963,4.49019597207349,0
"74",3.96776828456846,4.1786223776963,5.00121297661875,0
"75",1.88407260102817,3.46310466959644,3.62278049599049,0
"76",3.88927000467479,3.83377457084519,4.17021379131265,0
"77",3.19689900218225,3.79965921214695,4.80887489517806,0
"78",2.3544408320825,3.99493365941807,3.55596851999443,0
"79",2.32330216353983,3.16473610545855,3.99917262392442,1
"80",2.5395037455885,4.11335727347098,3.59835919491512,1
"81",3.69577736377552,3.37158800779175,4.19988693010048,1
"82",3.65228165148625,3.65251321942642,4.23436906653837,1
"83",3.99559497991124,4.14131922839646,3.41525747786144,1
"84",3.42885063885002,3.88808438023912,3.60426661952572,0
"85",3.23140028426284,3.35851131147821,4.24497984201214,0
"86",3.5808533346778,3.91558650664279,3.75807177428163,0
"87",2.16729612797876,3.44526392944532,4.07234346803374,0
"88",3.89142233644267,4.96110303396319,4.40950645255387,0
"89",4.21324431462377,4.18743391444531,3.70229314869663,0
"90",5.76402018701782,5.23194255819137,6.35333634734024,0
"91",2.76706658991012,3.37740624981313,4.53683389438037,1
"92",3.32372115685383,3.0347723001777,3.41214885102197,1
"93",2.62258992731437,3.25552125917579,3.29366368854454,0
"94",3.39009935234519,3.71644994882499,3.5889375866044,0
"95",2.10143405722066,1.6869046734886,3.52812368885972,0
"96",2.78615009879862,3.94707147763035,4.27756417374194,0
"97",2.6573597121862,3.14570480448002,4.29889128868342,1
"98",3.89682831641367,4.15168087052056,4.17140521161421,1
"99",4.21948033557285,4.12174057468772,5.54270864802611,0
"100",4.37974080504348,4.17626958037806,4.2087256731596,0
"101",2.90311912814286,2.48954823142973,2.5694145315462,1
"102",3.69004717050632,4.09456243158942,3.50261932862535,1
"103",2.57044388415667,2.62013128181003,2.99476958450804,0
"104",3.78333893565105,3.9124772192695,4.69482598700386,0
"105",4.04579758499272,4.9371081984297,5.54324000397464,0
"106",3.47028673937467,3.98235492295366,4.69519513269708,0
"107",3.14259442396848,4.49062013452223,4.61146879990091,1
"108",2.95777416030925,3.58316031055483,4.40996343890251,1
"109",4.4654609426295,3.04724531510002,4.57652391744711,0
"110",3.59730355338771,3.10976704249529,4.1138227296955,1
"111",1.87588996439879,4.22069271098493,3.41720945676404,1
"112",2.50022075077398,2.82067686571668,3.49860529828404,0
"113",3.39999856102216,4.40282465031724,5.07952142267118,1
"114",2.46591720200114,3.83139680574299,3.64529318503688,1
"115",3.47930112752122,3.59518286044781,4.58129952713385,0
"116",4.33790920710948,4.92353153084991,3.95145475733043,0
"117",3.28489829924653,2.50215555571206,4.01959489633483,0
"118",3.85243925679487,3.95242618042247,4.65098193204791,0
"119",3.04049609974941,3.56076904729501,3.03385916170904,1
"120",2.94978490064869,3.59927303301615,4.6579763697817,1
"121",2.67828594757936,3.55777139887834,3.0398149392442,1
"122",3.67487034568847,3.78707954498154,5.20544542801474,0
"123",2.7146792762888,2.92405792165568,3.9832596192045,1
"124",3.9586642023657,5.23149707624377,5.46671694397805,1
"125",2.74940772432413,3.28385311002932,2.59553727517192,0
"126",3.19653793531532,4.25337226743786,3.07313164059452,0
"127",4.58511186315306,5.72624146013416,5.3437259492735,0
"128",3.32432117205966,3.30904124085333,4.13218242047314,0
"129",3.79734437948041,4.28774470958823,4.09887387621758,0
"130",3.6268400822873,2.83180195069114,3.73899876500597,1
"131",4.47300905930331,4.79433953575548,3.90098950875468,1
"132",3.71215157783449,4.44978777878613,4.97486910528423,1
"133",4.11818501785363,4.25547840658936,4.43504630211552,1
"134",3.24163766195407,3.04269621304618,3.18173776587191,1
"135",2.54221076340515,2.16315349212359,3.2025806352454,0
"136",3.64974315994308,4.47283940167111,4.2478330057982,0
"137",2.95122420713993,3.02421130085178,3.4580065625967,0
"138",2.70833480897745,4.32646326839419,3.47112293674321,1
"139",2.54182570362415,3.4129287106478,3.64292352315786,0
"140",1.47453532606534,2.73842486552043,3.1244663738186,1
"141",3.15798587922573,3.38526962286027,3.78154437548808,1
"142",4.92960398223152,4.84336777544986,5.24556777328198,1
"143",3.03476327603431,3.58607070269339,4.15715825699183,1
"144",3.86412208640148,4.38050910910434,6.00903874425152,0
"145",5.08122136579964,5.88334837923331,6.42130198294274,1
"146",2.97607578058972,3.87750132937108,4.48374254078165,1
"147",2.67526498637764,4.65316853773395,4.0795358186736,1
"148",3.23438250532951,4.07599558169564,3.39614155169333,0
"149",2.14068623650044,2.79354433100209,3.00596686554212,1
"150",3.15579288351887,3.58214858437452,3.8004711057549,0
"151",4.24155191312318,3.32566510093274,3.9130119912467,1
"152",1.99789307613478,3.88467011931013,3.78223294048323,0
"153",4.30166837913958,4.72169923018116,5.70052424897041,1
"154",1.68407446730543,2.44831879371066,2.56699380580422,0
"155",4.75295420576162,5.83001293106178,5.6847177155034,0
"156",3.47085490186841,3.68506536428343,5.52519764758886,1
"157",3.45134110616986,4.10632440350336,4.3254976256751,0
"158",4.26076727419642,4.58186920618419,4.11141623983205,1
"159",3.29076178614028,4.15375313066652,3.93157663881018,0
"160",3.66542709115408,4.55121564015195,5.35920635358366,1
"161",2.07051724535541,2.29642589268407,2.82752751654968,0
"162",3.81569594869947,4.7942703191339,4.47175507982391,1
"163",2.96894652825399,3.67548214088061,4.96118874616831,1
"164",2.63696020620049,3.0740225297019,5.01149005762687,0
"165",3.53548523510529,3.70812832167166,3.09792839801536,0
"166",2.76875452912222,4.12381870372785,3.78905872387524,1
"167",4.608589768528,3.85687664391538,4.86155809909567,0
"168",2.86868325843072,4.12952025389561,4.01376488641868,0
"169",3.82351247343238,4.28684570224421,4.62755057400746,1
"170",3.59982270069551,3.7834804528614,4.73920086603634,0
"171",2.82671315666396,3.30451760057912,3.61889494372802,1
"172",2.99403676872481,3.63125812720093,3.92949330170037,1
"173",3.72346906221681,4.45260890578035,4.52970367775141,0
"174",4.20879375841998,3.56561918394844,4.8726732251838,0
"175",3.12563818270046,5.47176984610389,4.90972303775751,1
"176",2.51248975446316,2.52668248554896,3.9216011417448,0
"177",1.80825562803353,3.45022167817695,4.58108729643275,1
"178",2.78927547711923,2.99370574565004,3.48934027553612,0
"179",3.09898683655698,3.18400505523078,3.90571093155298,0
"180",3.27573328028224,3.81031420981861,3.036287045181,1
"181",4.60454092647568,5.52293005407589,5.57234591716725,1
"182",1.74884976396781,2.09901328425971,3.25123841464341,1
"183",3.75715288669082,4.03720056029446,4.21192312371748,1
"184",3.98797792496016,3.21496774526842,4.47056748435317,0
"185",4.38914740207876,5.71714492228204,5.60799844508282,0
"186",3.61784995673,3.84747441143593,4.86947921808888,1
"187",3.72816437920674,4.24002755776271,4.30486420007811,0
"188",4.42699149941541,4.49913859651327,4.59150424892464,1
"189",3.58115615938374,3.41093189687028,4.06110354950743,1
"190",2.15524116177397,2.41782264524473,3.18194130323079,1
"191",3.15601793731485,3.61877765777561,5.07941284109574,1
"192",4.58895240869124,5.71598507843305,4.34207925094641,1
"193",2.37859006933277,3.35014778293288,5.74412372051843,1
"194",4.18647210281183,4.33068632324913,4.13305671393929,0
"195",3.91613792348064,5.02038231585021,4.46688217759929,0
"196",3.28507826731122,2.49903107631998,3.64439727469548,1
"197",2.32767120033709,3.23530569805078,3.73485827698512,1
"198",3.66315595687524,2.32831917859598,4.27358978562332,0
"199",2.95874395207094,2.406095445673,3.41684105201847,1
"200",3.13453124372047,2.59465478391485,3.1090006237115,0
"201",3.27196897306971,3.48969374607547,4.19445386181211,0
"202",3.28707970041816,3.47385537340699,4.08050792207981,0
"203",3.8852373524327,4.28953867641278,4.32793261668539,1
"204",2.89077984421509,3.45043140434159,4.5280329169979,1
"205",4.21401454167406,4.27524118221789,6.62965545963511,0
"206",3.27448669749425,4.02028762604558,4.77601491859995,1
"207",3.01059246962974,2.78302903366707,3.62673913871985,1
"208",3.19071203660404,3.53158299736812,4.42311269646801,1
"209",3.80817330586927,3.52021362539187,3.60831811630616,1
"210",2.65251193279506,2.95589712543576,3.82087637839675,1
"211",2.27944560628362,2.85634235918829,3.35405348079491,1
"212",2.79671938626951,2.08907466704489,3.27199127722301,0
"213",3.46108266087952,4.23571562919445,4.95638428273538,1
"214",3.03763940369834,3.05144262331534,3.1749071004323,1
"215",4.26696254457021,5.75558492114402,4.78686104554286,0
"216",3.63615303199746,4.1932101410983,4.20776310173874,0
"217",2.69537201366507,3.47619421916948,3.90681576550816,0
"218",3.68978318731597,4.49223416088978,5.28090172903392,1
"219",3.40768019345755,3.77827175292211,3.6777119410645,1
"220",3.49469708304896,3.44272143420061,4.34375259152617,0
"221",2.66323711764961,2.96689270971465,4.53951127539268,1
"222",3.17438947261114,3.74835626746041,4.61993513569554,1
"223",3.72338541531934,4.50394268977265,4.39435547447584,0
"224",3.05673282171348,3.62715550867242,4.29491999939852,1
"225",2.43255674138033,3.90807732719533,2.6625683824035,1
"226",2.6996913324239,3.32227199891031,4.60021881247673,1
"227",2.20365434547491,3.42839568756638,3.99392096514295,0
"228",3.55773829539009,4.05928572089116,4.25672588006596,1
"229",3.74877642430661,4.43349383682251,4.36619331474096,0
"230",4.02246497911428,3.30960967631407,4.59326706230064,0
"231",3.98138852630362,3.48046889278839,5.60216939959479,0
"232",3.38689034263945,4.17983562802408,4.59506154627002,1
"233",3.06844448675419,3.18946183070904,3.72480711568124,0
"234",3.44971800317091,3.93497962804519,4.06988413791615,1
"235",4.45301221812981,5.78481920755363,4.82839437415934,1
"236",3.70673045054207,4.38836786899422,5.16211810372658,1
"237",2.10662982089416,3.55437753668639,4.21987438242184,1
"238",4.03403010514024,4.90786902478264,5.51974576206509,1
"239",4.56434060217013,3.68009692509235,4.56965843157915,1
"240",4.99789799873872,3.93566792420582,4.98142394764432,1
"241",3.85433351221171,3.81537507715635,4.25428201261181,0
"242",3.98010896554626,5.14650654871623,4.75420452619494,1
"243",2.39431635122904,2.76057211502712,2.95935443833741,0
"244",3.897464816885,4.536800485768,4.36363253142864,0
"245",2.01532182703948,3.86345061485263,3.10168239800378,0
"246",2.1983618379563,2.95255994818051,3.56362051374179,0
"247",4.46723473818114,4.61642990713865,5.04040034457622,1
"248",3.2405113418041,3.71857186938405,3.60405754646034,0
"249",3.91802440185325,5.10916093739965,4.11993911314926,1
"250",3.35786590946314,4.76633271433221,4.41367872030093,1
"251",4.02551671421052,3.3794336621388,4.31922699021636,0
"252",2.61463143395412,3.88239804198317,4.01789520950641,1
"253",3.70943200289532,2.79164764535369,3.53879355109099,0
"254",4.01150793703395,3.6645253281809,4.56956317637339,0
"255",3.88566381805181,4.29387694732975,4.26627762266292,0
"256",3.73619344456099,4.3164015956212,4.59484483447768,0
"257",3.2458313170355,4.09493415522713,4.05938665327735,0
"258",3.70363976973873,3.60138448489851,3.6565764576996,0
"259",3.84063842324597,4.80160253739174,4.78734448074464,1
"260",3.68437913377757,4.55545573652253,4.84252433195528,1
"261",4.34979834861816,4.71379832556784,3.92267063558312,1
"262",3.38282625620549,4.66121192935016,4.54177500337769,1
"263",2.9334654348479,4.12781338592124,3.58601777053361,1
"264",4.42047906180562,4.57318664370954,5.11755316117533,1
"265",4.44479809838757,4.17811111743957,4.85808246408611,0
"266",4.3476948820423,4.59138790551834,5.12910084984837,0
"267",1.49946014891345,2.60078570196402,2.97656341639053,0
"268",4.26155492475154,5.04070155685209,4.74486340832997,0
"269",2.87629450752862,3.09892917997984,5.18588525672112,0
"270",5.1233528163917,4.55640811964549,4.04341071577707,1
"271",3.60686727307737,4.88944764552036,5.30435954207439,0
"272",2.94095746453273,3.10093409562987,3.55633004842427,1
"273",3.06734250525987,2.97793220863511,4.36337591733114,0
"274",3.32439688765919,3.67349208367635,3.79018223941493,0
"275",4.05372234514259,4.38744478681508,4.01357554781205,0
"276",3.35490437679384,3.59094337324871,4.54720726363424,1
"277",2.55200678084744,2.90770915157519,3.6253650669252,1
"278",3.26773680045948,3.29981558001951,3.82792030106118,0
"279",3.18663330894963,3.87658328609514,5.46631356301163,1
"280",2.312910685593,3.1538334451093,4.54913801479992,1
"281",3.09739315016553,4.11462213899639,3.81315304150476,1
"282",3.90639709415201,3.99503912365871,5.0146060055213,0
"283",4.33818243388539,3.31240500581166,3.90764757679332,1
"284",2.57457956604483,2.92747192303266,3.67453763936928,1
"285",2.53645870987343,2.77121318359413,3.63783302166409,1
"286",3.50006529796634,4.77541400569429,5.10008503066774,0
"287",2.84002353667811,4.05310290795312,4.3066629641121,0
"288",3.49320849516106,5.43537292620334,5.34407079268677,0
"289",3.03672393076488,3.34577469042961,3.45660642807919,1
"290",3.32355797934825,3.24073902907116,3.25598696039326,0
"291",2.45551911666471,3.54151263844111,3.67732747204178,1
"292",4.00675231296221,4.87631631778957,5.471178978999,1
"293",4.45710072537839,3.90882326566132,3.77471862998992,1
"294",3.39336691786348,3.72796973204093,5.13327222744583,1
"295",2.25447985843372,3.04702938143363,3.78050699835388,0
"296",4.88772486147149,4.0019003536175,4.75501836421806,1
"297",2.89733863162346,2.41624163601371,3.40499805752886,0
"298",3.02930193330651,4.2021573295596,4.26697569959275,0
"299",3.5003157297592,4.0631895013975,4.19045269385259,0
"300",4.20111175840176,4.58697514475257,4.5249346476038,1
"301",3.89410845595804,4.6853398182356,4.38327097950237,1
"302",1.32421401854557,2.51957635906063,2.29949750697878,1
"303",3.83768903026456,4.14048158689539,4.41978567781618,0
"304",1.56235738851125,2.64791297955589,2.32345668364939,1
"305",4.26775894089807,5.50809613162064,5.00640026516375,0
"306",3.7519642837835,3.31696287682696,4.09307325581023,0
"307",4.27502392693163,4.29332947842106,5.11998689525567,1
"308",2.64517914981265,3.74700891940618,4.49694651456826,1
"309",4.53080974322228,4.86780408178645,5.22764063628046,1
"310",1.79874426907433,3.02372029861936,3.77744009313255,1
"311",5.01845464320929,5.33369204833552,5.31688304218352,0
"312",2.66826327975113,3.20732269610709,4.21060460880411,1
"313",3.29175653726076,2.93725066758837,3.19020602924597,0
"314",3.68136549828199,4.24582222349962,3.99966082138047,1
"315",4.38735318157848,4.91022528918632,5.01670559146582,0
"316",3.65037143047507,3.99942221638825,4.00150928043284,1
"317",1.41643118843084,3.06897561621316,3.19261462102425,0
"318",4.20601120200246,3.8175604604,4.19147037141849,0
"319",2.87313154143381,2.82539990134796,3.86177442104283,1
"320",4.52910196716678,5.34186534539524,5.96471045703088,0
"321",3.10997878797513,4.09816391022011,4.18162346927655,1
"322",3.71852019184454,3.07169049209115,5.07995216013699,1
"323",2.4682806465587,2.82327733672435,3.41311367173672,0
"324",3.03982143798098,3.62940833623046,4.31755186116648,0
"325",2.56023678235843,2.46963613584294,3.25840366921787,1
"326",4.20389683283666,4.13709086093539,4.94844138338504,0
"327",2.66702146767787,3.03571224684372,3.47561570857237,1
"328",2.95261755955508,3.06018687232147,2.69030872437129,0
"329",4.83144245054191,6.0895124491737,5.42950119401986,1
"330",3.90582168865015,4.30551283255976,4.03593995933465,0
"331",4.69622074738931,4.74831231206252,5.56524239794173,1
"332",4.26216901155214,5.50909296215033,4.4265328720086,1
"333",4.23355080065683,3.57880692176202,3.64547385375298,0
"334",3.84809851233082,5.07587695600093,4.32051488547971,1
"335",2.57853004991172,3.20241262560971,4.10039674209923,0
"336",2.98492890167147,3.26530285801902,4.43831562819603,0
"337",5.24562380458099,4.59840332138715,4.52016835428108,1
"338",3.12646857738011,3.34789302575241,4.93256096171097,1
"339",3.30490309961775,3.65622908198966,4.87734793819269,0
"340",3.85745010127165,4.03010700964291,3.67777104956269,1
"341",2.57530338994521,3.57936415008564,3.82095291761696,1
"342",2.67642818944123,3.01196833107227,3.50867616865564,0
"343",3.90791998184395,4.13743370473809,3.21599169321554,1
"344",2.60584166599172,3.10355881313285,4.48230783543677,1
"345",3.23063729244188,3.75029329300068,4.34899990241415,0
"346",2.76363550676495,3.37059061805148,3.82607235398363,0
"347",4.45123289837226,4.20217284087833,4.92820023888988,0
"348",3.59525716403986,3.57793511951014,4.26226913048559,1
"349",4.23272242574322,4.95455551468411,5.1000086383629,1
"350",3.05932914811923,1.93543830468436,2.91962665178381,1
"351",2.53828837935277,2.82973034317228,3.36404478240832,1
"352",3.67551495528507,4.42155318851848,4.18451387909574,1
"353",2.44161355493815,2.29353059831376,2.62899029476449,1
"354",2.74524528145374,3.80471486987617,3.2147038105608,1
"355",3.5251424669781,4.18288012120179,3.56077742498661,1
"356",2.93130224212038,2.54712112900226,2.64493742826351,1
"357",3.2282549403831,3.08287696714569,2.68858409000936,1
"358",4.45412789043866,3.60282498862888,4.32852772535146,1
"359",4.28752196796594,4.4560168140783,5.10956089519231,1
"360",4.12423920347267,3.79824411386979,4.20328575666451,1
"361",4.47470120822924,5.18367426207466,4.20997764434937,1
"362",3.68696944255502,3.68538897117208,3.49195782701776,1
"363",2.32641401847638,2.85708126732013,3.7148307749975,0
"364",3.22937116033915,4.30047783574675,4.51652029987125,0
"365",2.93151211296311,3.39995548960138,3.97410561859144,0
"366",3.58195534327932,4.46707779570591,3.9985834140328,1
"367",3.97215547890785,5.59667180678529,5.97143061432561,0
"368",2.4358749215557,3.40611295871731,3.51760922072026,1
"369",2.10272910810424,2.63937751501481,3.58919055199537,0
"370",3.98699777836733,4.9884643293092,5.36872790363745,0
"371",1.63227378250656,1.55535764000024,2.7563067811342,1
"372",3.65348146009985,4.0038930186946,4.47776365818768,1
"373",2.59817855468648,3.21320584041838,4.55477976442317,1
"374",3.55668043854298,3.63183432752339,4.10249926612334,0
"375",3.11816699839308,3.39329723948498,4.28792930652995,1
"376",3.99329110063685,3.5412684944479,3.15353584821098,0
"377",2.83827387070419,3.11262140743134,3.27518940431347,0
"378",4.44970999227819,3.57154555926958,4.9356373812654,1
"379",2.13617686683136,2.94151931835927,2.90790876759454,1
"380",2.81326239303579,3.0194666353286,3.45532026239174,1
"381",2.45819864934655,3.52681596087758,3.27890156370688,1
"382",3.66328244935035,2.812545303723,3.11163044042308,0
"383",3.31938441181565,3.99562397459955,4.38839361583363,0
"384",2.80031275648144,3.05234208881257,4.11201660663857,0
"385",4.82212069178701,6.02643162459873,5.89546996704785,0
"386",5.40334488284439,4.23229361076241,6.38870733014313,0
"387",3.71069604872371,3.29003800666011,4.83077726511427,1
"388",4.26039836925458,4.85434664370852,4.49502910846453,0
"389",1.77034235576217,1.78775886287007,2.69390208540586,1
"390",3.3099508102925,4.50874742513934,3.95387508464515,1
"391",3.45310607531568,3.2522868979553,4.41603704472934,0
"392",4.92720272087974,4.90123109903562,5.44300670193077,0
"393",2.90926587093409,4.41723509155427,4.8751437676674,0
"394",3.84104222085521,3.05077428567434,3.41596873030217,1
"395",3.63626774383211,3.96514240502174,4.50231525286828,0
"396",3.23870993134413,3.88081042996452,4.44128708858384,1
"397",3.53144358123671,3.38788049828732,3.76559392673498,0
"398",3.908778186219,4.5221468908541,4.65255593897781,0
"399",3.08210124207085,3.28816637296895,4.39021745830366,0
"400",5.12408071119192,4.32209537665021,4.7798151222154,0
"401",4.19837813381084,4.72093983458491,5.25427247323742,1
"402",2.9368354585601,3.13035823448987,2.72200106651232,1
"403",3.91248664571948,4.58355583024525,4.53363975554975,1
"404",3.83063631806118,3.56872416766612,3.3194731949252,0
"405",2.48648523414999,2.90364893147449,3.62862627415533,1
"406",3.55230243840996,4.42526753143262,5.9443883439531,1
"407",4.42974842458331,3.11916713497173,3.34902119685501,1
"408",3.62099692102743,2.82647037796047,4.54648380405466,1
"409",3.34784308927314,3.41747570850914,3.04890064292251,0
"410",3.24393678710127,4.22478659228893,4.43932675955801,1
"411",3.96774684272445,3.38329477355547,3.65767457831396,0
"412",5.68129222633736,6.05229791356186,6.19406547158095,0
"413",2.28989570598637,2.76128379457436,3.39638320527517,0
"414",3.0528945290745,3.10221473780298,4.06303247143821,0
"415",2.33830289996207,3.36234979438434,3.08384896722727,0
"416",3.99030623788433,3.57003504540204,3.74835260370126,0
"417",3.38998272891036,3.29817152527578,2.96160218370125,1
"418",3.17813711371496,4.05607459318094,3.74105807957028,0
"419",3.52770566820982,4.29320790538126,3.77616514469864,1
"420",3.53347457896602,4.41209339948011,4.17590827419026,1
"421",4.14247648446831,4.44413588943605,4.93743165816492,1
"422",2.86989757133864,3.96756623077457,4.4206097804297,0
"423",3.39797479274054,3.42561499255054,3.86024527571856,1
"424",3.34058396714442,3.2467208288453,4.50221571498515,0
"425",4.34445398934883,4.28744469117271,4.76677958499783,0
"426",3.21936446480861,4.49109685356537,5.06490651759971,1
"427",2.95966956801148,4.09394111073322,4.13856114158459,1
"428",3.30839058890309,3.94073329949166,4.38649343178346,0
"429",4.11688037832954,4.2260374328251,4.82835816285412,0
"430",2.68445925815013,3.84289730173263,4.45022252308978,0
"431",4.25880397676599,4.95815765651249,4.67167861541055,0
"432",2.65845956687671,3.50111345380781,4.090193046927,0
"433",3.98601396367182,4.02812064282307,3.85684111285136,1
"434",4.40200817505527,5.74233040567128,5.13067092854731,1
"435",3.75552618761063,4.26016055103117,4.30788859215643,0
"436",2.82012521655067,2.83777263899655,3.54293281731422,0
"437",2.68783027369452,2.05667929630409,4.25364282539982,0
"438",2.81149921696683,3.33471398673671,4.44958002899849,0
"439",3.67739574714472,3.90882605491825,4.48455716562726,1
"440",3.55123330812426,3.22685067741652,3.75641412007121,0
"441",3.92754093571948,3.17414261514658,3.50262366849321,0
"442",4.60697278038079,3.47522802607708,5.14359003122531,0
"443",3.41558572018072,3.51750983987949,4.70660712140286,1
"444",2.58876939258559,2.89940876131973,4.19286917814917,0
"445",2.7730592229417,2.97831765281688,2.83880199877928,0
"446",1.77698840838754,2.51507036142677,3.77383132440382,0
"447",2.92000555791053,2.54540245258336,3.25387657454978,0
"448",3.42917461113126,3.45819572149841,4.25141944823617,1
"449",3.57727521511698,4.35208072137442,3.79844447089066,1
"450",3.93826245013262,4.60684473029611,5.25327918306064,1
"451",1.52089450908579,1.63164987440079,3.14946349505608,0
"452",3.60223267422189,3.96455734998587,4.1867704456683,0
"453",2.81475968945899,2.54296101009528,3.95980499445251,1
"454",4.57863560603394,4.6068830824663,4.85324425025765,1
"455",3.4595514884348,3.50119410097863,4.70076983844936,0
"456",3.04105151715733,3.85233289710327,3.52706355729585,1
"457",2.89786925761225,3.8568920325192,5.23169963964221,1
"458",2.87258050929553,3.38015941391692,4.49358055175642,1
"459",2.48655291292981,3.22119957125832,3.54481804192046,0
"460",3.44822885173447,3.58695616619099,4.02029150398637,1
"461",3.5512065838298,2.74550164410859,4.49594474338334,0
"462",3.73085210917791,4.23909966221214,4.31652966120062,1
"463",5.52036074432563,4.58545505782532,5.22148665153798,1
"464",4.17845308869457,4.03628332589714,3.99211270902043,0
"465",4.33455805455955,3.92157351353071,3.78909027024957,0
"466",3.21331259441208,3.65548966861041,4.30637652825677,1
"467",4.0166298240941,3.63708112384081,4.95797976159787,0
"468",4.0257110189044,5.27485068409736,5.92838753891924,0
"469",3.43047992475636,3.33662659309682,4.93754776764702,1
"470",2.98786207506028,2.64384556219812,3.59451791387833,1
"471",3.16323154988304,4.39434534744644,3.83944773256778,1
"472",3.38389916238385,5.21677638095158,4.9778399102147,0
"473",3.98662079683251,3.48218516873326,3.45790165224586,0
"474",4.26572664688903,3.34009019591515,5.26543781186962,1
"475",3.09003901160006,3.99061894417787,2.66423479949336,1
"476",3.02855466043624,3.66417002258718,4.43006770730573,0
"477",4.04002246958303,4.08076827573412,4.55779376721497,1
"478",4.93636170880517,5.20751033357349,4.86056718448921,0
"479",3.29932934573792,3.8812124763782,3.42497203208283,1
"480",3.28154383760476,3.26913508175873,2.82178013294,1
"481",3.04615279782385,3.68298236012677,4.88980771409796,1
"482",3.04663110511725,3.63480075482115,2.82922554385078,1
"483",5.51713715859861,4.42694038742425,4.85326242219667,1
"484",3.50537991382763,3.74141905892214,4.29223281542269,1
"485",1.95993329509335,2.56595891278886,3.80835474823889,0
"486",3.73435809068758,4.71418210261652,5.25886048145055,0
"487",5.07631725905771,6.1692021977174,5.53022434749943,1
"488",3.2941723718141,4.03298393064052,5.248224470076,0
"489",3.82723984958588,4.29302310764906,4.21138882996165,1
"490",4.48424579196654,4.82878523534149,5.96714536402496,1
"491",4.69617690862099,4.06741422481788,4.22339377494168,1
"492",1.12440069028444,1.58434840545967,1.58205367244259,1
"493",4.19245033248181,3.40258981704756,3.57155779481047,0
"494",4.35618433038002,4.94020289201574,4.7184604652733,0
"495",4.68054660766516,5.54223319214102,4.82530615334397,1
"496",2.99106253341356,3.21734708477852,3.48669766154181,1
"497",4.72049610441808,4.13764158428259,4.47430337528878,1
"498",4.13582750443849,3.9322782112034,4.44917309717636,0
"499",3.74916236460273,3.49716948224963,3.46166888397837,1
"500",3.62571407058443,4.68112530597034,4.21895560634446,1
