"","E_T1_P1","E_T1_P2","E_T1_P3","E_T2_P1","E_T2_P2","E_T2_P3","E_T3_P1","E_T3_P2","E_T3_P3"
"1",3.70243155698183,3.4399071858538,3.92349936047773,4.02900064497845,3.66085864119956,4.80416799501666,3.60431294606174,3.8574152504315,4.47434105516445
"2",3.13279903267322,3.51177450198991,4.71110170105907,4.96659669648291,6.51502493971664,6.14159922092028,5.48635982054708,5.26180720313597,6.63727624160065
"3",1.78378977906922,2.54131634294854,2.93949636161582,2.38686449081993,3.52899101555871,3.35913738830101,4.39845754547504,3.29292882568407,3.19099239883691
"4",4.92682794346284,4.59815532519571,5.62530099325797,5.45413631126715,4.22033780286235,4.12179066376485,4.69139339034075,5.2160055885187,5.19972680992668
"5",5.00691481962096,4.80558817063129,4.63824713338694,4.56867147786912,2.97657087817312,5.2791940521244,5.03668788165528,5.23869775010291,4.93995756147514
"6",3.39994980401437,2.72476602199276,3.313564326512,3.59923414418067,3.91623608576839,3.682293498295,3.75795985438575,3.87331501573944,4.87677767590456
"7",4.36345034028782,4.19828072191582,4.82740596826782,4.75248780812346,4.50933764520915,5.16473057596578,3.35070622307076,3.69997787772901,4.88899776216789
"8",4.17506604064338,2.39134520932212,2.38578599296012,4.00390013670026,3.48079332357518,5.28833705391762,3.6925539497137,3.06612166500744,4.81655900456892
"9",2.06012836328397,3.49031660228778,2.54417764976736,2.49011467255553,2.98403661378826,2.75303971068576,3.03453901795364,3.60757276475337,3.95266640866282
"10",3.4464181238743,4.3693772029092,3.88934385229385,4.57787980926585,4.42389281041132,4.94793930698123,6.42787481865438,5.02683002492308,4.50073986526818
"11",3.446765476381,4.58235887913251,3.58935498555335,3.96460608422977,3.43287204532808,4.39323183616453,2.94464196883589,3.50478526851499,4.07731881319214
"12",2.6877133432593,2.20163055678325,3.88792993234624,1.70926864027261,2.42379833724519,3.19148406916716,3.35292280191906,2.96792677226863,3.96895008654202
"13",2.86115601011625,2.54814320361996,3.87619304588339,4.66296524153366,4.22327717748539,4.0647402687038,4.76016490954506,6.04741941348489,5.16192251997307
"14",3.28645522843903,3.50645840894723,5.17817131965303,3.73705946524936,4.60832276864782,4.55384304329178,4.47288231516295,4.22272860897201,4.62756873071123
"15",4.90029667035166,4.90866312579268,5.16575083976522,5.04269588399131,4.60286463680026,4.21263525458646,4.95895575941208,3.15811345160723,4.90660598711286
"16",4.37000738500951,3.35193037984704,3.02451283659566,4.16275267911208,2.67683730562749,5.77468707951505,5.4048842554561,3.97390466365066,4.78757778710734
"17",2.46943563382967,1.58701207294726,3.3917808287973,3.5195450451925,3.0973738996496,2.66446296309341,2.79994810597727,2.896537022069,3.72538357587814
"18",3.04797480541481,1.02248068828096,2.38311119637338,2.26061846938168,0.662405292649676,2.56730811357233,1.7853064986265,2.006020835012,3.39606297789549
"19",3.55711109591416,4.24032373572722,4.58092067894322,3.88199115266084,4.1146608138281,5.76180238129987,3.55489876287885,3.12180042100961,4.28961840242388
"20",2.88616929296303,3.42683631987277,3.15321283915202,3.68224051269334,3.07398117581378,4.2961827292655,4.56862841782635,2.97113356353398,3.86572975234096
"21",3.28637568942064,3.02681103589551,4.68138075402071,3.73736291680479,4.11705096631198,3.75321493562327,4.6506771165898,3.47307747612175,3.81731728826875
"22",4.22367442224862,2.84252692642731,3.3854676294555,3.20597646367039,4.31914787125664,4.93539579009861,3.76793801494037,4.36073910031884,4.1215730548625
"23",3.84157036639689,4.34173628039324,4.85214361382833,5.91804111451404,4.85951621037163,4.46541716192525,6.73835775480162,5.38241498768529,6.53715774162716
"24",1.77973480146354,2.51530622978029,1.76787931422723,2.68107488437333,1.9842847307138,3.95968583011107,3.329986658721,2.85909804433319,1.91368002668712
"25",3.94621454144283,2.86488916979093,3.55189947475795,4.74662342851451,5.44985262551523,5.9537955587848,4.73812320119783,4.25988578306443,6.05309673983118
"26",3.11048458074114,2.14510118614918,3.42420418919177,3.00762696219129,2.87881815945299,3.99238605649253,4.55913424716067,2.89239208446322,3.80418696929859
"27",2.58977730148124,2.29264977031734,4.43548948857492,3.8762066568299,3.04814551536054,3.70783029711479,4.62987078401977,3.85662771681641,3.62392661941117
"28",4.32622003657959,3.64682500088146,3.31939583357778,4.89815702755786,4.69305662807606,5.61040420006701,3.96422450100994,5.23282086473356,4.92088549545047
"29",3.3546356716155,3.28266604739025,3.25358648487143,2.89521478221455,2.32786971083546,3.59467015461769,4.06288179816739,2.71316205002702,4.16225108921729
"30",2.36355678530731,4.73228243631841,3.65777195358633,2.92859210597451,4.72463928869987,4.1607221229063,3.6995310932985,3.55897846986737,4.3441841743253
"31",2.24728642132474,2.53880378641778,3.84762324052464,3.33880463502614,4.27845618832296,4.1472060374117,4.74006350341779,4.49740750053313,4.64408901926791
"32",2.29690306468782,0.993972261553603,1.42964559412335,2.87307403309838,2.31110374205905,2.61498983995053,3.05068775910437,3.93421145529331,2.96000729196802
"33",3.09956175461259,1.67577283316847,3.31271641489177,3.94250501005127,2.92674585816289,3.29079029030215,4.09947511715597,3.88399649540107,3.5756619152492
"34",3.71131219375964,3.79362441175465,5.03840996421947,4.38894524202377,3.06525175330382,4.21562672621189,4.94559180215052,5.41989288426733,5.6989558036329
"35",4.3352272955978,3.61488326537593,2.96102823975263,3.54341909375112,2.98168667530055,4.50413403467665,3.63944886441709,4.03063022908184,4.47917045522751
"36",3.32556641059505,3.42860654354575,3.70741447702464,3.57362433652951,3.34220734474242,3.61873455938917,3.73660723166329,5.06215720032954,5.15654305702587
"37",3.43875571527352,4.01647124857212,3.86672141728914,4.41411100053497,4.28523936666681,5.85223232709673,5.32202035080263,5.54451746558925,5.08268038491783
"38",4.08937436496701,3.51631188683508,4.09185991991927,4.48637748595365,3.81489786938789,4.01585227822961,3.72865303958439,3.08318642319984,4.45958547641493
"39",4.17406089899781,4.80014373503727,4.63202967506204,5.95007183827635,5.36789161433152,5.8983095685073,5.36307718551058,3.72069491880883,5.62632032736224
"40",2.13460208397171,1.75119888438985,2.2819184569604,2.59688046864946,2.33513296868855,2.3508697609485,3.80052560208346,3.5316735845194,3.80972444276657
"41",2.2664799279115,0.977460042374726,2.84761241991245,2.47421341848593,3.83117490421121,3.61226740517316,3.62859198015808,3.27831615152494,4.2328672683972
"42",5.39377553926609,3.32833434839781,3.91957109393857,4.89708634343516,4.27110783553723,5.00056076294991,5.30730556914443,5.0275236870669,6.61967520654868
"43",3.95791451065809,3.55014110851524,3.3810033597905,2.64358173871951,3.44681125991889,2.67434975567846,4.71297307159297,3.45870564864762,5.43143495080147
"44",3.00353377605591,4.28050864335324,4.22979812750923,4.36392352226537,2.56785666337518,5.0690854955652,4.74559928329769,3.06252775782139,4.34396409612244
"45",2.18074804353157,1.40977918836683,2.82028188853068,3.41213916155366,3.97130988667976,2.98718309343489,2.75879995487295,2.7324160898914,2.42279238426871
"46",3.66882769649041,2.58046978996116,4.1594265553197,4.17843468356901,2.8666636888113,4.31096673561901,4.23967150215133,3.58074277493542,4.70689649675307
"47",4.96977742588327,4.32222572179123,5.24649306548122,5.64832816120785,5.44628173942614,5.8373912103646,4.01886640376266,4.23380630810875,6.0572620690026
"48",4.26625486754389,2.61290633403681,3.13599911100662,3.39456392867577,2.66715250151844,3.43204711052156,3.07005408895241,3.52826254064822,4.1918405350533
"49",4.07008488006343,2.33903367696601,3.73640834348443,4.99644928979324,4.70719382965351,4.5801327701941,4.26669223300871,5.28107565575173,4.49601245843226
"50",4.90376108184017,5.20163551943893,4.11153529652151,3.1356037426336,2.22373592603642,3.35051430225902,2.90917783233505,4.50927002994641,4.58423011211049
"51",3.13117852207197,3.41547489524776,4.28308383211043,4.40295750510433,3.29523685302974,4.14807928128805,2.83728614407433,2.35652435722421,4.12116579614543
"52",2.40359505775284,1.91207521086463,1.67678139079767,1.69423018865266,1.98974839990873,1.40152691416231,4.0923209732281,2.53252293930627,3.29970372226812
"53",5.11590834948652,2.87122917604685,4.77990249829489,4.98080279274307,4.35593685888578,4.70441939261071,6.00717929117287,4.42968874386219,5.12693768255472
"54",2.4309815698939,2.3046082380207,2.71855824476982,2.94116130722352,4.46669956228825,3.53153403101469,3.90912449602683,4.48686013218088,3.26960964963859
"55",3.30293684420503,5.04665478785477,3.85861404271704,3.77091168905734,4.78589677878182,5.8589049401878,4.83478680200541,4.07267161582781,5.19883630135356
"56",3.0834274423752,0.575162959420978,2.91391377358722,2.46766531473343,3.17699084369604,3.70703716387038,4.01123497639959,2.60144505620657,4.73704319641817
"57",3.00051160571562,2.80575886873026,3.57554688411772,3.47914773679404,3.83793740886275,3.88337183686362,4.0699802898362,1.8499291713176,4.03733541493528
"58",3.02624564675596,1.25989107248163,3.85916743017554,5.56189842334762,2.66880425857264,3.55414350232792,4.492102143049,3.82123265356534,5.56948719904622
"59",4.38312597400111,2.54610357352285,3.4627838013656,3.29297542640458,3.15049992547028,2.63629022716473,4.76320344335942,3.21325366729595,3.65659273775657
"60",2.39591162854928,1.27913651115149,3.61392373904307,2.82532316682675,2.6032209663295,3.48665157572617,2.45973741731503,4.79720639449355,3.5717267127253
"61",5.13669340734372,2.22165295013349,4.58158674365878,4.67269557797255,4.36642707338428,4.92964185196865,5.21968407425283,5.26626129572294,5.87281221985049
"62",4.24737019945705,2.42147487948884,1.32026499730094,1.69440470830369,2.17129547080631,2.56896392614454,1.12694893361456,2.66044748719368,4.89545399374811
"63",4.46902052162457,2.94384875793791,5.07919167155026,4.89585753380579,5.53833018300219,5.14438775961593,4.17100471843747,4.0128352610552,5.95254175056155
"64",3.98157214570349,2.4776556224044,4.83341381211243,4.26298683640893,3.88969913952749,4.70657924685691,2.01349669886777,4.16985269044686,4.73901720420337
"65",3.83404195118252,3.65373244080601,3.73968208515036,3.32606918987103,2.37085766684897,4.05968370777859,4.21339353032096,3.54431817510429,3.6146831383258
"66",3.94418533808988,3.49634835727671,4.86769153358425,3.78626317528083,3.75432017841027,4.84355470211946,5.10753720985503,3.9741544685227,6.06685803876346
"67",4.70830239650583,3.30873325529091,4.23199256623385,4.48754233535171,2.36289019623138,4.29037993833104,1.16066518799525,4.57685045501213,3.29733566909972
"68",2.65930956977264,3.52295813257979,3.22569274908566,4.75624124840585,4.32714755473182,3.69318181015589,3.7917286990166,4.79620815904188,4.81848576009526
"69",3.02609767372676,3.1084959657699,2.5392994753771,2.87294263198214,3.07232076815848,2.51892348309335,4.78798053511839,3.42604206811606,4.71430538755746
"70",3.65398296643977,1.70629212534313,4.25098639040265,3.29091107950017,2.75751840088072,2.91116023693183,3.90774885830721,4.28893522279999,4.67430880377675
"71",3.00815719753052,1.96292937498808,4.5065561958314,4.36421541239904,4.01865321632124,4.93782539051062,4.14173591242528,2.89540058598168,4.53347323566545
"72",2.89929203651408,2.44462999139304,3.64584800439442,2.85385425649008,2.22506426212789,4.95452369002515,4.31174416828072,4.2389419006504,4.33311975943107
"73",5.16947785115753,3.25807244387295,4.69472331744265,4.03168245733604,4.7635526430627,6.04079932351016,3.94955553051019,5.00391954140549,4.51711284430479
"74",3.97183332499388,2.92444382857578,5.00702770013573,4.72791262770694,3.07614168781175,4.73181281757021,5.13320919508063,4.64109654332255,5.22933319145306
"75",2.43950609018943,1.05313521491235,2.15957649798272,4.20080106815471,2.37361955465371,3.81489338598089,3.73548592582478,3.10046777597064,4.03238778617605
"76",4.41585435986342,2.86326096919585,4.3886946849651,3.74387128241779,3.50458401244394,4.25286841767383,2.45431556083733,5.96227456991588,4.09405124318474
"77",2.79676631688457,3.25430841341622,3.53962227624597,3.83564882299623,4.01595375853847,3.54737505490614,4.62750666076945,4.13595662027426,5.66316140449048
"78",3.1012838326295,1.43608834084237,2.52595032277563,3.57440093727621,4.93798596108584,3.47241407989216,3.23587137597696,4.00523937625338,3.42679480775295
"79",1.6277235710571,2.24329054933583,3.09889237022655,2.60484200163588,2.80329360880881,4.08607270593096,4.59419407512157,3.23151280864326,4.17181098800842
"80",1.69313849616521,3.03821285789874,2.88715988270156,3.62458385604133,4.82558627082009,3.88990169355153,4.05930232439241,2.36049061687498,4.37528464347796
"81",4.37790632425973,2.69824314969561,4.01118261737123,4.5889756014979,2.27755979178975,3.2482286300876,2.58962022974818,4.80311913343772,5.20692142711554
"82",3.99337630532416,2.77856375763067,4.18490489150391,2.9104839790338,3.82643826799225,4.22061741125322,3.48828272145065,4.00314575024172,5.21167872792273
"83",3.87202219267156,4.39519238177535,3.71957036528681,4.0815037238586,4.13090435706429,4.2115496042665,2.91385119200224,2.7647608338505,4.56716040773157
"84",4.33644082193865,2.24682585631284,3.70328523829858,3.81808829394444,4.0904200854971,3.75574476127583,2.85035560181478,4.45209450287358,3.5103497538888
"85",2.57005176893726,3.48601005950853,3.63813902434272,3.59260409521993,3.21865770724442,3.26427213197027,3.51830128328896,4.23468683024293,4.98195141250454
"86",3.57718658072552,3.75547273895803,3.40990068434985,4.40445509346966,3.36244634861997,3.97985807783875,3.56780314894269,3.60494830710887,4.10146386679332
"87",1.90653770860787,1.85471213059078,2.74063854473762,3.81817149154646,1.90905125811878,4.60856903867071,4.82338681152081,3.70954161158707,3.68410198099333
"88",4.70549002594388,2.35194460310416,4.61683238027998,5.38974975041328,4.38661774368892,5.10694160778737,4.74208947428679,3.58611829126968,4.90031159210513
"89",5.05835879065887,2.56672435471044,5.014649798502,3.63062940432002,4.82342501857759,4.10824732043831,4.28710487555473,3.92059278154032,2.89918178899484
"90",5.84041418670797,4.92624566741628,6.5254007069292,5.23220291483089,4.19190778956228,6.27171697018095,6.43274987609317,6.99411357628936,5.6331455896382
"91",2.2737357576835,2.51772674608154,3.50973726596531,3.75725384850177,2.78890496567189,3.58605993526573,4.25477294615747,5.20296098415993,4.15276775282372
"92",3.12999502381828,3.8809126198593,2.9602558268839,3.82800972108686,1.78742497153156,3.48888220791468,3.0366635242939,3.35518039741106,3.84460263136095
"93",2.91872512771396,2.63923561212921,2.30980904209995,2.87015732729935,2.71317067148106,4.18323577874697,3.50366451583014,3.03817365919389,3.33915289060959
"94",3.30527616197986,3.47265123055044,3.39237066450528,4.32409371947407,3.86852991835431,2.95672620864659,3.06484423929306,3.44592942346654,4.25603909705361
"95",2.5442827801021,2.03221262775088,1.727806763809,2.15303368643707,1.13353395032261,1.77414638370611,4.63398113333676,3.15196715646817,2.79842277677422
"96",3.26761564438865,1.94024712629141,3.1505875257158,4.19440378182269,3.93294054019629,3.71387011087208,4.4180307451102,4.00410163039018,4.41056014572544
"97",2.76599198761383,2.56841824809876,2.637668900846,3.41911506632173,3.32508826361147,2.69291108350686,4.98889060485812,3.06294416065952,4.84483910053262
"98",3.35952776299259,3.81422605784911,4.51673112839932,5.46543102047782,3.73695910659211,3.25265248449176,4.66970341439961,2.64900087970843,5.1955113407346
"99",4.23905246661012,4.52761276504446,3.89177577506396,4.06925361974254,3.55343775136865,4.74253035295196,4.89414075476843,5.9299009941233,5.8040841951866
"100",5.39991718219657,2.76021673055558,4.9790885023783,4.15025339490983,4.57823223768762,3.80032310853674,4.43523322648891,2.51231513042036,5.67862866256954
"101",2.54842008504292,2.41013039337345,3.75080690601221,1.58066501803887,2.84327147724876,3.04470819900156,3.27435049037134,2.16767919797924,2.26621390628803
"102",3.51222376456521,4.16949916816804,3.38841857878572,4.20020578140812,3.63184244734279,4.45163906601736,3.40266283169233,3.06727613235442,4.03791902182929
"103",2.53639135434017,2.33044453766331,2.84449576046654,1.91995417602562,3.32871252918769,2.61172714021677,2.46328810319685,3.07528096654327,3.445739683784
"104",3.52903681931375,3.12966379369898,4.69131619394042,4.30159340400267,3.08439805216516,4.35144020164066,4.47183227181134,4.16361298051992,5.44903270868031
"105",2.82116378421223,4.93475443948018,4.38147453128576,4.17724772270391,5.83381239210456,4.80026448048063,5.22020424408717,5.01395649244913,6.39555927538761
"106",3.41970200635621,2.80453059442886,4.18662761733895,2.58000574411198,4.40303749590965,4.96402152883934,4.62107857274936,4.60242161347092,4.86208521187096
"107",2.62245031146808,2.94230493183946,3.86302802859791,3.8914013460034,4.08310844033864,5.49735061722466,5.30521305745282,2.32535693606784,6.20383640618206
"108",2.64912971331226,2.64661795362384,3.57757481399166,3.24946637978837,3.88187464194587,3.61813990993025,5.23612923171633,3.68351311627896,4.31024796871223
"109",5.25282048772316,3.4614520978736,4.68211024229173,2.73445336013144,2.39774605404085,4.00953653112778,4.10240255183267,3.90219279909177,5.72497640141689
"110",3.1671788954174,3.55707394166931,4.06765782307643,3.1016702248149,2.27981796138238,3.94781294128858,4.45990915330167,2.92573125919778,4.95582777658705
"111",2.26287038780824,1.00629361262307,2.35850589276505,4.39493195481729,3.80050848301435,4.46663769512315,2.7835295812008,3.77928428802486,3.68881450106645
"112",3.23504441327264,2.0488230466933,2.21679479235599,2.46510350819183,2.08054334498282,3.91638374397539,3.86837520286668,3.21542116390783,3.41201952807761
"113",4.46062911491867,2.69723008190879,3.04213648623902,3.91122432716657,4.64792677385164,4.64932284993352,4.9135438815918,4.43752880425221,5.88749158216952
"114",3.44283101636163,0.942826192963432,3.01209439667837,2.57441665973524,4.44322810107231,4.47654565642142,3.10819669322771,2.76396539466986,5.06371746721308
"115",2.85647713314721,4.7561526636824,2.82527358573405,4.12103757693678,3.31767503072856,3.3468359736781,4.73191804371324,4.13049987906249,4.88148065862582
"116",4.88898585321227,3.71827692968339,4.40646483843278,5.7515749874207,3.87640873339437,5.14261087173467,4.11549694240678,3.13777226741316,4.60109506217135
"117",3.75081427783282,2.83803567718432,3.26584494272245,2.86688962307899,1.4695397334869,3.17003731057028,4.0647242453729,3.10478095682404,4.88927948680756
"118",4.43706814840602,1.92647073144788,5.19377889053071,3.75999106692535,3.50066893438703,4.59661853995503,5.31399466495451,4.63102694486461,4.00792418632461
"119",3.70088134534426,2.71487722674448,2.70572972715948,3.34715811123204,2.27176771168417,5.06338131896882,1.91344599271979,3.87451026940074,3.3136212230066
"120",2.49985392236311,3.55000533202851,2.79949544755445,3.5998449842415,3.16797204062474,4.0300020741822,4.27830317843558,5.10652403928397,4.58910189162556
"121",2.41063287410018,3.18044063767386,2.44378433096403,4.11423532205997,3.24730697894138,3.31177189563368,3.99769156705746,2.40032669993198,2.72142655074317
"122",3.1978405821485,4.44078910170442,3.38598135321249,3.57927521950914,3.26926548106108,4.51269793437439,6.15194981496228,3.10331996575612,6.36106650332581
"123",3.50919072076502,2.23602036384804,2.39882674425334,2.08715565048353,2.80260561255601,3.8824125019275,2.95527688677981,3.13774931210645,5.85675265872725
"124",3.62662493065514,2.8071124401566,5.44225523628536,4.01874396855974,5.85251289077639,5.82323436939518,5.30764299402578,5.42482142139114,5.66768641651723
"125",2.33686792976367,3.24499722031228,2.66635802289643,3.7696561864291,2.63457494854057,3.44732819511828,3.05377987334663,1.62312098842564,3.10971096374349
"126",4.36185270236276,1.80286304668558,3.42489805689763,3.82153733341748,4.52116313414367,4.41741633475242,3.36894090800775,2.45031315881148,3.40014085496434
"127",4.9001941475727,4.31051253031745,4.54462891156902,5.8267008274407,5.40167958864938,5.9503439643124,5.59150512553374,4.67974059204119,5.75993213024556
"128",2.1430337406197,3.65967384211719,4.1702559334421,3.3805434483862,3.7444649927976,2.8021152813762,3.30549323625989,4.41757079822606,4.67348322693348
"129",3.36694009092814,3.70130344342592,4.32378960408718,4.65332563918383,3.22896438725637,4.98094410232448,3.17629848412667,3.94408302803398,5.17624011649209
"130",3.6257647331274,4.05738692201247,3.19736859172204,2.19229451935594,3.00100985524386,3.30210147747362,3.02923987054485,3.59027310769023,4.59748331678283
"131",4.04172287425536,4.7373211161396,4.63998318751498,4.15920882461558,4.99289922232122,5.23091056032965,3.96925683251333,3.11086704897544,4.62284464477527
"132",3.65856170482563,3.18172789301295,4.29616513566488,4.43420215191756,4.23431364714763,4.68084753729319,4.54729038081716,5.09173137770672,5.2855855573288
"133",3.51871303373845,4.52838230430726,4.30745971551517,2.61400769790425,4.69242469850382,5.46000282336002,4.50985216158707,3.6188080238272,5.17647872093229
"134",4.32963734708092,1.9998853787315,3.39539026004979,2.35043142867979,2.54540005277988,4.23225715767886,2.78444667321129,2.87889895220903,3.88186767219541
"135",2.03714579690884,1.85086303580161,3.738623457505,2.83263517753002,2.21917581737431,1.43764948146644,4.21472786155565,1.39121849994682,4.00179554423373
"136",3.94912619467487,3.17529944908288,3.82480383607149,4.67935799974271,5.16609457337717,3.57306563189346,3.9765007717776,4.15122949591786,4.61576874969914
"137",2.7957084359883,3.33112670405907,2.72683748137242,2.78000293906474,3.27397084376394,3.01866011972665,2.93504915389318,2.84061753817743,4.5983529957195
"138",2.48186848244063,2.89383746288765,2.74929848160407,3.41426622638021,4.23757666050309,5.32754691829926,3.40716859529997,2.82199692124925,4.1842032936804
"139",3.00296076728817,2.34369375629905,2.27882258728522,3.02799848006284,3.32495571880195,3.88583193307861,3.72491468116161,2.93439013542554,4.26946575288643
"140",1.97639156240423,0.795104675491736,1.65210974030005,3.78367354455398,1.5262789695235,2.90532208248381,2.63874365927534,2.83133911271348,3.90331634946697
"141",2.51269065904602,3.0890550587304,3.87221191990077,3.41160216269793,2.95360960179982,3.79059710408305,4.38651244542149,2.95340445381554,4.0047162272272
"142",5.0330861549443,4.57319706570761,5.18252872604265,4.10814416314186,5.23754635599004,5.18441280721767,5.45345401062505,4.89683252864315,5.38641678057774
"143",2.63739333277914,2.29152475386035,4.17537174146345,4.1151252361253,2.62314048410427,4.01994638785059,3.21491860034422,4.60758966298286,4.6489665076484
"144",3.63996643789866,3.18391312055689,4.76848670074889,3.76221294570312,4.21602815421143,5.16328622739847,5.81149206486937,5.64159980079909,6.5740243670861
"145",5.31046353576123,3.86731438733514,6.06588617430254,5.89658832792909,6.68593117893918,5.06752563083167,6.16981764735269,6.45884633911291,6.63524196236262
"146",2.08150144796286,3.91098354109945,2.93574235270685,3.77123898040834,2.97912424441837,4.88214076328654,3.64881070670408,4.94456119060262,4.85785572503826
"147",2.4930282689502,2.90676891909509,2.62599777108764,4.46365346300464,4.49650892251305,4.99934322768415,4.45395221187656,3.57589666734799,4.20875857679624
"148",3.13850174567581,3.07548812683973,3.48915764347298,3.79324775922316,4.48907919797817,3.94565978788559,3.60898704187157,3.73414870837167,2.84528890483676
"149",2.61158186075959,1.90572743261537,1.90474941612636,2.54774201963174,2.17215710675162,3.6607338666229,3.49801583038447,2.3314508353607,3.18843393088119
"150",2.61158943922276,4.04026209102071,2.81552712031315,3.16930180258322,3.80535631805572,3.77178763248461,3.4076100128616,3.74576838884991,4.24803491555319
"151",4.05406659274748,5.09020537100744,3.58038377561462,3.19303953094375,3.56273692338356,3.22121884847092,4.108758513003,3.31735459297575,4.31292286776134
"152",2.41603759860338,0.738633892348068,2.8390077374529,3.51743271381177,4.29988432245691,3.83669332166171,3.4796786330235,4.29825304804127,3.56876714038492
"153",4.48826473292904,4.58353338755027,3.83320701693944,4.59998899024828,5.08425276009468,4.48085594020052,6.42243722905893,5.89061113089513,4.78852438695717
"154",2.02676322158254,1.30286142774042,1.72259875259333,2.83588764488213,1.98867911020134,2.5203896260485,2.37824468465109,1.9123549148644,3.41038181789716
"155",3.97847169561476,5.05883411034072,5.22155681132939,6.1124738763782,5.09568440121997,6.28188051558718,4.70339504926373,5.88416858637778,6.4665895108687
"156",3.89676694966377,2.92260194539778,3.59319581054369,3.6583430870708,4.00215654713583,3.39469645864367,5.4048533957617,5.5146445512467,5.65609499575817
"157",3.15364870643252,3.71067188444689,3.48970272763018,3.56271530771912,4.91305389229011,3.84320401050084,4.06091403659482,3.78066351318559,5.13491532724488
"158",3.6450563135434,3.81532607495356,5.32191943409229,4.59966059228428,4.38925524632506,4.75669177994323,4.49251189969794,3.54583306624765,4.29590375355057
"159",2.76201596066468,2.51377753687704,4.59649186087912,4.60493405803517,3.32949019810549,4.52683513585889,4.18931654262458,3.65990102023484,3.94551235357113
"160",3.52548944739988,3.06989447541069,4.40089735065168,4.67671771003496,4.18301096887782,4.79391824154308,4.96799126767547,5.54803965374007,5.56158813933545
"161",2.40430552953287,0.805590610699761,3.00165559583359,1.63977182371285,2.52513276229351,2.72437309204585,3.30126566190959,2.4497270023917,2.73158988534775
"162",3.89710632561322,3.66404296343909,3.88593855704609,4.47282095970263,4.53346257349128,5.37652742420778,4.68316291611888,3.77872322970979,4.95337909364306
"163",3.61866897562141,1.68027243584623,3.60789817329432,3.26622448044607,3.16597320784546,4.59424873435031,5.45862943172522,4.53588422162324,4.88905258515648
"164",2.10990670075954,3.40317268036486,2.39780123747708,2.71695873214249,2.36726353229464,4.13784532466858,4.82536361702459,4.78297758752286,5.42612896833316
"165",3.13054362542945,3.63101879616493,3.84489328372149,3.94849583318224,3.13058845152487,4.04530068030787,1.73277492945688,2.83173938799388,4.72927087659532
"166",2.9236918675672,2.98775272503987,2.39481899475958,5.14720798900605,2.30712780704664,4.91712031513087,2.45132750756962,4.07723358714583,4.83861507691028
"167",5.13869278401171,2.84901588496043,5.83806063661186,4.18693742636199,2.74119331932883,4.64249918605531,3.80546172955362,4.67148814959721,6.10772441813619
"168",3.12240441189196,2.18304777175773,3.30059759164248,4.80988651223997,3.13214042024305,4.44653382920382,4.25207364852844,2.29827019766677,5.49095081306082
"169",3.35059146150152,3.7598817938085,4.36006416498712,3.7524942026496,4.38025510277946,4.72778780130356,4.36477415034645,4.53034354423342,4.9875340274425
"170",4.70947817204499,3.67826447848086,2.41172545156068,3.02709328955609,3.85626329660006,4.46708477242806,4.36935499525351,4.94584552189146,4.90240208096404
"171",2.50351763679674,3.321101403818,2.65552042937714,3.4808779656211,2.95998565065049,3.47268918546577,2.43090621235742,3.78608644419701,4.63969217462963
"172",2.8267856636601,2.75428376459826,3.40104087791608,3.94817133975981,3.61503782516776,3.33056521667523,3.99394119053015,3.69057608742319,4.10396262714776
"173",3.13009997639071,4.11961844727027,3.92068876298944,4.68200329911088,4.15866030621894,4.51716311201122,4.43021023019987,4.30329534711176,4.85560545594259
"174",3.43823250072826,4.51692646621407,4.6712223083176,2.9690970572758,4.18682729658493,3.54093319798459,4.7714926047304,4.87991033019959,4.96661674062141
"175",3.11035006348312,3.22993322040089,3.03663126421737,5.89999357923987,4.88159815127129,5.63371780780051,4.69671591952866,5.10070559115228,4.9317476025916
"176",0.7329697188122,3.6458831837776,3.15861636079967,1.72084268513616,2.62314773746829,3.23605703404243,4.12276748730708,3.59835714043569,4.04367879749164
"177",1.86999676658415,1.09533960826332,2.45943050925312,1.97765088700007,3.86319837326102,4.50981577426976,3.64949965390723,4.89257550807383,5.20118672731718
"178",3.73084279983371,1.09264837614031,3.54433525538368,2.33319784184848,3.16740105055197,3.48051834454966,3.53923595738466,2.88603750748257,4.04274736174114
"179",2.28887656511832,3.58053629959899,3.42754764495362,3.5683587151286,2.98683047495699,2.99682597560674,4.40941008350607,2.87771138169978,4.43001132945309
"180",3.2485068980048,3.40479977975608,3.17389316308583,3.57155860476854,4.32673288101235,3.53265114367495,3.0215647020459,2.5052820947169,3.58201433878019
"181",4.85489814191215,4.58810961478525,4.37061502272964,3.94677297507188,6.21610835210885,6.40590883504695,6.26505125850925,3.77743906456119,6.67454742843131
"182",1.49114804917111,1.42548744147898,2.32991380125333,2.24599187563935,1.98774233803705,2.06330563910274,3.2171689360081,3.37887895372328,3.15766735419884
"183",4.00166946223464,3.42060131716948,3.84918788066834,4.19978655282892,4.91940281708364,2.99241231097082,4.34193936645144,4.31805225178408,3.97577775291691
"184",3.79449906050493,3.47768389415304,4.69175082022252,2.86036885407946,2.4113922854599,4.37314209626589,3.92360426950534,4.27107317132019,5.21702501223398
"185",4.02203681465405,4.19762653678056,4.94777885480166,6.59812787021798,5.12521970040985,5.4280871962183,5.51697720521325,6.87121978154093,4.43579834849429
"186",3.49724093263124,3.80918335915048,3.54712557840828,4.56611937336342,3.80503627917433,3.17126758177005,4.06728786521889,4.567468409055,5.97368137999274
"187",3.55993726035346,3.39437341111373,4.23018246615304,4.57565021470942,3.64471103794436,4.49972142063436,4.44385021802719,4.54244976570322,3.92829261650391
"188",4.24168590270314,3.76947203019791,5.26981656534517,4.41595616998613,3.79853887079252,5.28292074876116,3.54772809004803,4.00716583275369,6.21961882397221
"189",4.01486609004618,2.29277996054759,4.43582242755744,4.14479858627109,3.28983756043292,2.79815954390683,4.20356551290894,3.41723477737602,4.56251035823734
"190",1.12372520635945,2.57470291823752,2.76729536072495,3.13521670646602,2.02998281380328,2.08826841546488,3.83605496032208,1.87704785176739,3.83272109760291
"191",3.37520178283764,3.32529285068865,2.76755917841826,3.80943300233965,2.90168952523647,4.14521044575072,5.22842910654472,5.41334713717362,4.59646227956888
"192",4.32611836342696,4.33143552703813,5.10930333560862,4.51054906976133,6.53302437820036,6.10438178733746,4.30866258661744,3.59637498864016,5.12120017758164
"193",1.98712064455086,1.85401298877453,3.29463657467292,3.09235646194131,3.76331517626368,3.19477171059364,5.18477139145058,5.43488628138881,6.61271348871589
"194",4.38510960484086,3.71743991090659,4.45686679268805,3.95038499369491,4.49028164917887,4.55139232687362,4.33206986056654,3.54140017723816,4.52570010401317
"195",3.74989305727458,3.37822726534116,4.62029344782619,5.11865190101701,4.64928544909082,5.29320959744279,5.02189141526155,2.86023129132596,5.51852382621035
"196",3.56911582139019,3.75130604944881,2.53481293109465,2.79047977872658,1.82983102750793,2.87678242272542,3.607252876765,3.04442237472161,4.28151657259983
"197",1.26273044539709,3.02668613541962,2.69359702019457,2.81774094064368,3.2593744464856,3.62880170702307,3.19422378406238,2.71942711505111,5.29092393184186
"198",3.8712259632178,3.59028152600903,3.5279603813989,2.00428298089877,2.09315784238097,2.8875167125082,3.01042054996574,5.10920933243462,4.70113947446959
"199",2.3115106425387,2.49988468908664,4.06483652458747,2.12278451918209,1.92232997009561,3.1731718477413,2.84291691036818,3.97948477406058,3.42812147162666
"200",4.38888509644842,1.57786931499371,3.43683931971928,1.92301502731704,2.53630834941115,3.32464097501636,2.8676810809877,2.56439131489096,3.89492947525583
"201",2.32867350497271,3.99445900272747,3.49277441150894,3.30574134882576,2.94932515471017,4.21401473469049,4.72427343798328,3.43652988727715,4.42255826017589
"202",3.04979219497703,2.45732145018723,4.35412545609021,2.70670943291136,4.28079410592582,3.43406258138378,4.43098455384755,3.5543352468258,4.25620396556608
"203",3.85239094334732,3.46338288105108,4.33993823289971,4.51135881211645,4.38330458456308,3.97395263255882,3.53016425091257,4.54887671650171,4.9047568826419
"204",2.95851383816298,1.69051092425053,4.02331477023176,4.03432305880094,2.1837865749181,4.13318457930573,5.5702564527663,4.17228816217293,3.84155413605446
"205",4.06040769725376,3.38022956382907,5.20140636393936,4.4438594390375,2.48996021910423,5.89190388851195,7.25239568643268,5.85611697371051,6.78045371876215
"206",2.69995946817866,3.38682744336757,3.73667318093651,3.14688382444094,4.03487279392406,4.87910625977174,5.34965981522733,4.8865631061528,4.09182183441972
"207",2.40001271656421,3.01969454012454,3.61207015220046,3.42537822527574,2.01042494291136,2.91328393281411,4.79300596426914,3.04951080659353,3.03770064529688
"208",4.00299723681503,2.25317773459712,3.31596113839998,4.70188372755171,2.93167708940406,2.96118817514858,4.96539735950692,3.54191154593248,4.76202918396463
"209",3.40870826559194,4.10351731774748,3.91229433426838,2.80142456970592,3.92854592245554,3.83067038401415,3.24714996430345,3.72553085337021,3.85227353124482
"210",2.43432051640261,3.07243506725125,2.45078021473131,2.83091521959945,3.21704476311269,2.81973139359513,4.25250570265742,3.5513870546183,3.65873637791453
"211",1.91558420113703,2.01696025405642,2.90579236365742,3.6772057989778,2.02359391768901,2.86822736089805,2.93632907255089,3.35045301380008,3.77537835603376
"212",2.28470000687198,2.56869132652863,3.53676682540791,2.76765752260589,0.554512644577948,2.94505383395084,2.91924968478774,3.34101194353509,3.5557122033462
"213",3.10664481153339,2.71898094917938,4.55762222192579,5.2201048652404,2.99945810234713,4.48758391999582,4.96373634166376,5.24636595203937,4.65905055450301
"214",2.55811937134716,2.19743593892688,4.35736290082099,2.59683584092581,2.45801914771479,4.09947288130542,3.51245428860514,2.85507976046737,3.15718725222438
"215",3.39573524322317,4.42817684446665,4.97697554602082,5.00383716523467,6.64347887251813,5.61943872567927,5.47930467268738,4.51169212536593,4.36958633857527
"216",3.70032572888319,3.74511628932672,3.46301707778247,3.88105948491023,4.47731899419785,4.22125194418683,4.85741471327118,2.44268285255555,5.32319173938949
"217",1.68777000911592,3.06517663081622,3.33316940106307,3.96194734712398,3.11669364167273,3.34994166871174,4.34536585839731,2.98107664037931,4.39400479774786
"218",3.28139902136401,2.84690061833733,4.94104992224658,4.89998167464195,4.39491577518686,4.18180503284052,4.53406910272956,4.91976577069094,6.38887031368125
"219",3.04838073580101,3.52116543105803,3.65349441351362,1.58005493481783,5.30239464491417,4.45236567903433,4.36483046321284,3.23564735396391,3.43265800601676
"220",2.75804401147961,4.2940088224564,3.43203841521087,2.80268429114167,3.21471443376566,4.31076557769451,4.44545653113514,4.11322590174719,4.47257534169619
"221",3.17543534470161,1.5897074446952,3.22456856355202,2.56394190432716,3.06070956750359,3.27602665731321,4.15267294916389,5.18140783537751,4.28445304163664
"222",3.13614106085909,2.36879378933546,4.01823356763887,4.15259809230279,3.30818860388965,3.78428210618878,4.57805232759748,4.50545401009676,4.77629906939238
"223",2.95713405365245,3.81660532057789,4.39641687172768,4.97114240739998,4.23989555143459,4.30079011048338,4.65019373336195,4.24711696941546,4.28575572065012
"224",3.68233095475926,2.85245910531316,2.63540840506803,2.79612142619776,3.80096925330678,4.28437584651273,5.07494558129266,3.77870124090598,4.03111317599693
"225",2.7344736362255,1.96252037988026,2.60067620803523,4.12257740407049,5.06966270975149,2.53199186776402,2.41780160952485,2.23149009517638,3.33841344250928
"226",2.00060590636596,2.77260319928391,3.32586489162183,3.22016870203549,3.29449601237169,3.45215128232376,5.14806443143548,4.54533321318904,4.10725879280566
"227",2.5890144588348,0.84814462081524,3.17380395677469,4.25288752451162,3.03340477031627,2.99889476787126,4.81423873062984,3.12098057978623,4.04654358501278
"228",3.67890022093359,3.62155078495444,3.37276388028224,4.13006454007899,3.82156883279463,4.22622378979985,3.71242947974979,3.85612013417097,5.20162802627713
"229",3.97278318825601,2.96108651250905,4.31245957215477,4.74784505136915,3.21460280720772,5.33803365189067,5.20083180639311,3.26877686589507,4.6289712719347
"230",4.0098848378771,4.2020633327839,3.85544676668183,3.66639829816186,1.75103512770245,4.51139560307789,5.20655438091987,4.58535922363271,3.98788758234934
"231",4.27187634825144,3.03515225392035,4.63713697673906,3.74384615919034,3.38730704159792,3.3102534775769,5.26434244183717,5.71239168402993,5.82977407291728
"232",3.29768236490668,2.49876973354892,4.36421892946274,3.8871851912656,3.72130744093382,4.93101425187281,5.2558972319198,3.17341068001592,5.35587672687434
"233",2.68744113447988,3.24807102877576,3.26982129700692,3.1203626948061,3.1140946964962,3.33392810082483,3.20585195603976,3.85669146731254,4.11187792369141
"234",3.75036795980128,3.34715000064304,3.2516360490684,3.60430073478457,3.8355159718274,4.36512217752361,3.39590159092846,4.9663084746155,3.8474423482045
"235",3.73593916157953,4.31741916426033,5.30567832854958,5.22594982184301,6.31074002294859,5.81776777786928,4.32791162072631,5.21101790984015,4.94625359191156
"236",2.82768437905928,2.8756624163289,5.41684455623803,4.17325349830412,4.52856468444201,4.46328542423652,6.57006417857111,3.77279544806017,5.14349468454846
"237",2.54178838992069,1.51257601077994,2.26552506198185,3.44881452322184,3.42997643332846,3.78434165350887,3.70778079898933,4.79339254953591,4.15844979874028
"238",3.55437929064559,4.62881829696233,3.91889272781279,4.8531829172285,4.5020601642183,5.36836399290111,4.56968881403004,6.15955948419789,5.82998898796734
"239",3.98639786349371,4.23405624823434,5.47256769478233,2.59071317733628,3.94011653474844,4.50946106319233,3.89146841497441,4.58646058294726,5.23104629681577
"240",5.7194963562368,3.90149105334192,5.37270658663745,4.54632010564378,3.55732076174196,3.70336290523172,5.7588982530375,4.03605842858888,5.14931516130657
"241",4.01761435554786,4.48567211540531,3.05971406568195,3.49372089463855,4.11816273270421,3.83424160412629,3.70091616442298,3.90222911539758,5.15970075801488
"242",3.70257579409574,4.04934562579929,4.18840547674374,4.89993120699945,5.99218695107075,4.5474014880785,4.66693337236978,4.17634727484355,5.41933293137149
"243",2.45916495818799,1.71536461393007,3.00841948156907,2.41955595587814,2.79466824393148,3.06749214527173,2.38872632842022,2.72254955962054,3.76678742697146
"244",2.92509240830276,4.66714696754771,4.10015507480452,4.93257437200994,3.78842211467751,4.88940497061655,4.5504835121144,4.0454874337624,4.49492664840913
"245",2.02715796213754,1.41732271463079,2.6014848043501,4.93959700635322,2.40795627069354,4.24279856751112,2.76765439298067,2.61142146896784,3.92597133206282
"246",1.239717681241,3.17504355280382,2.18032427982408,2.97080165597446,2.61466117651212,3.27221701205494,4.33143279010576,3.28714721575189,3.07228153536771
"247",4.87189059795576,4.497652654667,4.03216096192066,4.24490219906134,5.58411732690355,4.02027019545107,5.04330741862872,5.505658105097,4.57223551000294
"248",3.65911775913808,2.44163604472352,3.62078022155069,4.11694983718981,3.47934837964225,3.55941739132008,2.63823848831179,3.62035546786606,4.55357868320316
"249",3.93883594056813,3.59442833926607,4.22080892572556,4.51227774355019,4.82285750302674,5.99234756562201,4.90037223886356,2.97868658715429,4.48075851342994
"250",3.56843379108933,2.29206643750201,4.21309749979809,5.20051342832642,4.82373243878381,4.27475227588639,4.06552392736985,4.17017476800114,5.00533746553181
"251",4.11390425181725,2.89526279064185,5.06738310017245,2.14161216658844,4.35102002988077,3.64566878994718,2.90266507645184,4.16787736573203,5.88713852846522
"252",2.53659383961544,2.25488851052115,3.05241195172578,3.66159447129767,4.47938821008514,3.50621144456669,4.00040668972422,3.01543918468777,5.03783975410723
"253",4.19735432132972,2.71343803088269,4.21750365647354,3.2276270324342,2.44368499469687,2.70363090892999,2.97820530239127,2.18327632443335,5.45489902644835
"254",3.15552320384789,4.22591502197641,4.65308558527755,3.77585609140306,3.33484253869625,3.88287735444338,4.67255272977328,4.37349668533537,4.66264011401152
"255",4.71373308003203,3.34870284096118,3.59455553316223,4.40324079386259,4.474991668431,4.00339837969566,3.83156060369015,3.91348949152108,5.05378277277752
"256",2.94735482816696,2.64895416909759,5.61227133641843,4.35612942113499,4.20537453909104,4.38770082663756,4.47114665071979,3.91045444052387,5.40293341218939
"257",3.76080776340991,2.41372539935924,3.56296078833734,4.40151890858645,4.29994254122427,3.58334101587066,3.62959482839483,4.12424903985565,4.42431609158156
"258",4.53722771302401,2.99597420567716,3.57771739051503,4.43265368944382,2.55975857833399,3.81174118691773,4.64591683171419,2.77255959697329,3.55125294441132
"259",4.1635152213128,3.20527710899588,4.15312293942922,5.57935224770202,4.17946262650228,4.64599273797093,4.61734990398597,4.24092818966055,5.5037553485874
"260",3.58149833934432,4.00721964075878,3.46441942122961,4.48236004931575,3.51117162243084,5.672835537821,4.30524920447877,4.92787888135269,5.29444491003439
"261",4.30395858491912,4.35837334226084,4.38706311867452,4.59954149727594,5.05630246649691,4.48555101293066,3.74189801672505,3.77175072741502,4.25436316260929
"262",3.6198721992266,2.48276039728026,4.04584617210961,5.08788876467069,4.42139249997568,4.47435452340412,5.39653110862427,3.66792114546148,4.56087275604732
"263",3.2618827272496,2.17517610098271,3.36333747631138,5.51618721599843,3.29840769728021,3.56884524448507,3.43933396667728,2.89135405611148,4.42736528881208
"264",3.14902741553322,4.92573000213924,5.1866797677444,4.88068785407179,3.89243633690224,4.94643574015459,4.81316301690258,4.85491209316575,5.68458437345765
"265",5.10866925722349,4.18449797566608,4.04122706227315,4.60534744267634,3.20691417985261,4.72207172978975,5.54955426685281,4.56158800065042,4.46310512475511
"266",2.93508593836657,5.0939400551757,5.01405865258463,3.7057409946117,4.69049521994572,5.3779275019976,4.99652203974896,5.02761132089363,5.36316918890252
"267",1.53172702440228,0.915636296228638,2.05101712610943,2.73088734051699,1.87604260127773,3.19542716409734,2.26910809838997,3.17418903765514,3.48639311312649
"268",4.16735722462091,3.79358272336419,4.82372482626951,4.48236610986437,5.16795979772236,5.47177876296954,5.14164161484353,4.48480553359858,4.6081430765478
"269",2.75551051079925,2.32232871081539,3.55104430097122,3.13471144945701,2.1399950809428,4.0220810095397,5.03915748320951,5.22381520332157,5.29468308363227
"270",5.11881608905776,5.13131480153478,5.11992755858255,5.11422584237909,4.4407574742511,4.11424104230629,5.1761384350344,2.78682405083533,4.16726966146148
"271",2.89643574691412,3.8217794381919,4.1023866341261,4.99717302880092,4.90426738102353,4.76690252673662,4.33964975747691,5.41822629834263,6.15520257040362
"272",2.09266299322329,2.95052423250165,3.77968516787325,3.09231918657907,2.21529430196029,3.99518879835024,3.81360535048843,1.96473433004402,4.89065046474035
"273",3.12661075687791,3.04363126674227,3.03178549215942,1.79548881491356,3.31402127488604,3.82428653610574,4.13137007062816,4.1563030116079,4.80245466975736
"274",3.28783105639197,2.58580855654328,4.09955105004233,4.17390323964875,3.09446070333523,3.75211230804508,4.18186592273569,3.35792711685296,3.83075367865614
"275",5.16185651171823,3.6757515264026,3.32355899730695,4.02927866422574,4.41639157061779,4.7166641256017,4.64722528731652,2.05078777008286,5.34271358603676
"276",2.56182668383158,3.98715681257973,3.51572963397022,3.23269277326774,3.38478194559975,4.15535540087865,4.35798154392282,5.0457390977854,4.23790114919451
"277",1.44869552281705,3.02590286580028,3.181421953925,3.6971776215337,1.54854763773024,3.47740219546163,3.98480227118687,3.26360467298053,3.62768825660821
"278",2.97949851698311,3.07610552653,3.74760635786532,2.85066019183275,2.84263156577361,4.20615498245217,3.06670175234889,4.0180950204527,4.39896413038194
"279",3.63596697230437,3.01850949343188,2.90542346111263,3.63101818261956,3.94213318485783,4.05659849080804,5.92229491147765,3.84351418301874,6.6331315945385
"280",2.88664641246373,1.28334759175633,2.76873805255894,2.59260429577264,3.60968496681041,3.25921107274484,4.6631091308847,3.72932829985956,5.2549766136555
"281",3.11172482577555,3.07669512461503,3.10375950010602,4.40202533593634,4.68400939510735,3.25783168594547,3.97629711770899,3.75819774607454,3.70496426073075
"282",3.31007860150366,4.51907513073192,3.89003755022045,4.54946154146545,2.36294625791673,5.07270957159395,4.00402829631852,6.24736529501153,4.79242442523384
"283",4.82009455924865,4.38579443411541,3.80865830829211,2.61751200283249,4.14949110141365,3.17021191318884,4.03206227150912,2.85319552166117,4.83768493720968
"284",2.22310912783153,3.33712465368056,2.16350491662241,4.1522095243532,2.17526785101787,2.4549383937269,4.03463652702013,2.67089394857114,4.31808244251658
"285",2.03202974456622,2.23970151827171,3.33764486678237,2.08826075498182,2.88672693684387,3.33865185895671,3.58028589311889,3.5370015028285,3.79621166904489
"286",3.57656840157343,2.50181430515916,4.42181318716644,3.8357271701364,4.97194975840203,5.51856508854444,5.33492971224653,4.41347141069248,5.55185396906422
"287",4.2338272754371,2.43134736846896,1.85489596612827,3.18282713040267,5.20515070783229,3.77133088562439,3.60660755408506,4.56866289020646,4.74471844804477
"288",2.67010674655257,3.31734696220717,4.49217177672345,6.4455619855315,4.90445364582467,4.95610314725385,5.38602811524115,5.76220336386094,4.88398089895822
"289",2.88746983837609,2.46134351097972,3.76135844293883,3.95660365611132,2.31736894798914,3.76335146718837,3.56146575614837,2.47644112799851,4.33191240009069
"290",2.47172068988561,3.06513942054231,4.43381382761684,3.35985740716669,3.35673087932984,3.00562880071695,3.3345476467287,2.31652502363689,4.1168882108142
"291",1.47367624438124,2.35771427945556,3.53516682615732,4.11568676546905,3.5274360278321,2.98141512202218,3.27151161979127,3.77940030158175,3.98107049475233
"292",4.30779853959775,3.96008535924154,3.75237304004734,4.65542226647055,4.88654155750095,5.08698512939722,5.2314106674168,4.17762477342157,7.00450149615863
"293",4.54798966888037,5.18167797492291,3.64163453233188,4.05989895705198,3.72340448802417,3.94316635190781,4.06007618438205,2.91673920211267,4.34734050347504
"294",3.49160707175741,3.49228173071731,3.19621195111572,2.88498378553122,3.93640635446892,4.36251905612266,4.43208736423366,5.13903937218747,5.82868994591635
"295",1.03910581124116,3.10619493541293,2.61813882864707,3.6855723758075,3.15119122604486,2.30432454244854,2.36699423843614,3.5473017247386,5.42722503188691
"296",4.07059401912906,5.24366613284579,5.34891443243962,4.26670073058909,4.19826673390387,3.54073359635955,5.3331036333714,4.21366535031405,4.71828610896872
"297",1.88714847230153,3.04110273831467,3.76376468425417,2.20382086952261,1.84137893615874,3.20352510235979,4.37020133212889,3.59983219391763,2.24496064654005
"298",3.45815611479825,2.48169790507803,3.14805178004326,3.53571014066895,4.89510905453511,4.17565279347474,4.61720965122664,4.09085497578355,4.09286247176806
"299",3.61329862728969,2.90026880459922,3.98737975738869,3.2173325758555,4.69996355347328,4.27227237486373,4.10044159025737,5.3099340770941,3.16098241420631
"300",3.77592668910334,3.54304351907877,5.28436506702316,5.35823141587339,3.55564051242096,4.84705350596335,4.72931919557667,4.0773430193007,4.76814172793404
"301",3.49113412465615,2.53501443546755,5.65617680775042,5.2139830165752,4.54426181600905,4.29777462212255,5.06413575549085,2.61726312649818,5.46841405651809
"302",1.18086445687392,2.00866739395412,0.78311020480868,2.04974883093326,2.36484822624511,3.14413202000351,0.982710875293527,2.82943096131331,3.08635068432951
"303",4.06223852571103,4.00532703238538,3.44550153269726,4.32353309400829,3.09495075879051,5.00296090788737,3.61748805104984,4.16676468543668,5.47510429696202
"304",1.12959974368947,1.51425927989427,2.04321314195001,1.95330394972795,2.60086262105293,3.38957236788678,3.27210508426023,0.990022847128833,2.70824211955912
"305",3.89113963231984,4.06111798037131,4.85101921000306,5.15781632729409,5.44805313386907,5.91841893369875,4.97779152016283,3.56374333252408,6.47766594280435
"306",3.29820010518746,4.03835721303069,3.91933553313235,3.11042784629657,2.23657618636032,4.60388459782398,4.15100994959558,4.10336809642574,4.02484172140936
"307",3.99284305539203,4.17847819787384,4.65375052752903,3.09617868000795,4.77107750290237,5.01273225235286,5.39842139616064,4.28588503607073,5.67565425353565
"308",2.30570566455418,2.40966979459857,3.22016199028519,3.52260702183187,3.12169809891107,4.5967216374756,4.01831622959388,4.03713993339585,5.43538338071504
"309",4.57968057004735,4.5482913175378,4.46445734208169,4.88824928444967,3.88871362692254,5.82644933398713,5.34503002885158,4.84022586934886,5.49766601064094
"310",1.27196106290175,2.08377190763428,2.04049983668695,2.93435962272564,2.46868427380716,3.66811699932529,3.86944906950661,3.84625047761901,3.61662073227204
"311",3.684465808896,5.87857385037821,5.49232427035366,4.90009440917539,5.16634045805984,5.93464127777134,5.1473305563618,4.99479333151862,5.80852523867013
"312",2.77934716173678,1.87956673992079,3.34587593759581,3.06675366990554,2.86454770589608,3.69066671251966,3.24972371510788,4.88238534527941,4.49970476602503
"313",3.8259612596985,3.26045652402892,2.78885182805487,4.32122673053333,2.39536197298364,2.09516329924814,2.17908408237217,3.19975489739917,4.19177910796656
"314",4.38232105164729,2.50964088099798,4.15213456220071,3.93861295195938,4.25268077111754,4.54617294742194,4.12860026246877,3.78861746394631,4.08176473772632
"315",4.00492757416841,4.46753249738229,4.68959947318474,6.62130853179358,2.67756148200073,5.43180585376465,4.41956785406037,4.84356442878302,5.78698449155407
"316",2.31121214463185,3.32391208373054,5.31599006306282,5.10012502964075,3.45208357845035,3.44605804107366,4.34463985120376,2.98176221721919,4.67812577287558
"317",2.35986352155303,0.348479924211459,1.54095011952804,3.3101413748908,2.48939713677417,3.40738833697452,3.39981524926815,2.08041645034274,4.09761216346185
"318",4.40735093815877,3.57627405780445,4.63440861004415,3.89559676895186,4.65333934159304,2.9037452706551,4.64847017339823,3.57139341368835,4.35454752716888
"319",2.85966605619211,2.23090836759747,3.52882020051184,2.15254583408289,3.54882036446575,2.77483350549524,3.87434813568633,3.48546003747803,4.22551508996414
"320",4.98376585296195,3.3398649999161,5.2636750486223,5.49063047260785,4.74561831947691,5.78934724410097,6.72888017906697,5.32363903642059,5.84161215560509
"321",2.89328698217005,2.75661866908403,3.6800307126713,4.00778056068545,3.56324052066213,4.72347064931275,3.74121013724426,2.78030102392819,6.02335924665721
"322",4.71174990889414,2.65675566864934,3.78705499799014,3.29927179469928,1.93412047317534,3.98167920839882,5.19163248263254,4.52551662806153,5.52270736971689
"323",2.1529650825122,2.37188937862092,2.87998747854299,2.62057336844327,3.5378085720053,2.31145006972448,2.76739464042873,3.76079055841226,3.71115581636918
"324",2.82951699009336,2.62001947113257,3.669927852717,4.13353594805768,3.07352312454111,3.68116593609259,3.90814534637183,3.97321652297998,5.07129371414764
"325",2.46689487455772,3.04476265061357,2.16905282190399,1.57295581237618,3.0203733369803,2.81557925817235,2.90312200908407,3.42999685574168,3.44209214282787
"326",3.38311497507037,4.34810413169298,4.88047139174662,4.12601477829695,3.33947752361015,4.94578028089908,6.08543239066039,4.07030694336567,4.68958481612907
"327",2.75849911800496,2.27337258263244,2.96919270239622,3.36731256312117,3.95336935910638,1.7864548183036,4.05622061469677,2.38049617450762,3.99013033651273
"328",3.7314598617689,2.25556014697366,2.87083266992269,2.72375334916911,3.88497354010813,2.57183372768717,2.81414423011097,2.02853963636422,3.22824230663869
"329",5.05033902349246,4.53349464051672,4.91049368761656,6.78898849432235,5.26951094653951,6.21003790665923,5.88143311744019,5.05943786069044,5.34763260392896
"330",4.21768651944806,4.05691429277497,3.44286425372741,4.12514154004483,4.39695890994497,4.39443804768949,3.74268683995937,3.83748227070135,4.52765076734324
"331",3.84772773426254,5.08241358545186,5.15852092245354,3.73341796227703,4.17554069509751,6.33597827881302,6.92425721789089,4.61197143771257,5.15949853822174
"332",4.27304196843913,3.6004786692523,4.91298639696499,5.94602011350741,4.9836541009702,5.59760467197337,3.17122948430916,4.1873534115975,5.92101572011914
"333",4.37410410380594,3.12289353886607,5.20365475929847,3.99956682034085,2.95596799375291,3.78088595119231,4.47032598838141,2.68376222163696,3.78233335124056
"334",4.30769606360334,2.35541542851266,4.88118404487646,4.78024178702972,5.40325177931617,5.04413730165691,3.25898108022802,4.52168549732923,5.18087807888189
"335",1.98148287248862,2.48147445102347,3.27263282622306,3.10012737161817,3.38125589807925,3.12585460713172,4.96288072278909,4.16981365593967,3.16849584756893
"336",3.08451849089159,2.05874032950778,3.81152788461505,1.88536643455387,3.83287836573055,4.07766377377263,4.07758946892065,4.69001050712768,4.54734690853977
"337",4.50104987425543,5.20939290913346,6.02642863035407,4.04421691174229,4.69202547171822,5.05896758070094,5.08227862185885,4.71735382328937,3.76087261769503
"338",2.13759000808656,3.14713386493019,4.09468185912358,4.57743889665436,2.11179867756847,3.35444150303441,5.32174962710017,4.96873527242268,4.50719798561007
"339",2.52459408253155,4.39676245750282,2.99335275881887,3.97461677788004,2.95202127875842,4.04204918933052,5.37114191555245,4.31857802056468,4.94232387846094
"340",4.36592126217817,2.77694181655478,4.42948722508201,4.0192829882008,3.53014516416543,4.5408928765625,4.26892483332853,2.97079371320556,3.79359460215399
"341",3.46106288811728,2.91826076253469,1.34658651918366,4.50852593850217,2.24413740382496,3.98542910792979,4.47625493868765,3.50206129992304,3.48454251424018
"342",2.6637071844859,3.57364869005551,1.79192869378228,2.99611028345114,3.74919653212284,2.29059817764282,3.69689816014267,3.15994859056321,3.66918175526105
"343",3.42028449995142,2.9594209864677,5.34405445911273,4.17462848334228,3.93410545817749,4.30356717269449,3.98598721244625,2.04163165733158,3.6203562098688
"344",2.63870667107159,1.83190483831532,3.34691348858824,2.73714823372929,2.27420932728911,4.29931887838014,3.99057270791119,4.72347545538051,4.73287534301862
"345",2.78411789801096,2.96355720453966,3.94423677477502,3.06477167015903,3.64820381356151,4.53790439528151,4.2339121773858,4.01313656065524,4.7999509692014
"346",2.39002662809571,2.43145693957573,3.46942295262341,4.117480787605,2.96297541846948,3.03131564807996,4.22099515732258,2.87820481944597,4.37901708518234
"347",4.9158979815937,5.33305056332304,3.10475015020004,4.20181821625897,2.87071512388541,5.53398518249062,4.54365239830619,4.86958749917293,5.37136081919051
"348",3.21053482293031,3.45115955208656,4.12407711710272,3.39660412237237,3.22789380180637,4.10930743435169,4.38865972346709,4.44760907962766,3.95053858836202
"349",4.29594387661063,4.06463510071289,4.33758829990613,5.03308892658934,4.83887452276732,4.99170309469567,5.97573764701643,3.7555557315499,5.56873253652237
"350",2.75041375081097,3.36343279452613,3.06414089902059,2.29877673764398,0.479241907516232,3.02829626889286,2.51744163441875,2.83075775909411,3.41068056183857
"351",1.86040582697322,2.51249263053071,3.24196668055439,3.28216922543981,2.79475839711584,2.41226340696118,3.70877977855472,3.2761018543026,3.10725271436764
"352",3.11571645970637,3.93482747778773,3.97600092836112,4.19367392768556,5.13956200101963,3.93142363685024,3.30981656295379,4.67466294608101,4.56906212825243
"353",2.32716387227633,3.04260840139271,1.95506839114542,1.82182301676857,2.30955509775918,2.74921368041353,3.7153825847998,1.19869982730304,2.97288847219062
"354",2.35910447475039,2.80756542809524,3.06906594151558,3.91812182544416,4.7204631313182,2.77555965286616,3.96967237544323,2.35588471885694,3.31855433738223
"355",3.47684288547461,3.75110547886058,3.34747903659911,3.13843879276194,4.99011206717319,4.42008950367025,3.70873547813827,2.74577371780904,4.22782307901253
"356",3.3883422553533,2.97158348538145,2.43398098562639,2.60473915719596,2.4213752606863,2.61524896912453,3.07270384626284,2.0983730105554,2.76373542797228
"357",3.80029383186396,2.44227967968912,3.44219130959623,3.84073304691335,2.478374034946,2.92952381957771,2.08877249475286,3.29557388459405,2.68140589068117
"358",3.99012185794198,4.77182458843791,4.60043722493609,3.45534654727599,3.62209731587829,3.73103110273236,4.26309821119161,3.81803414658336,4.9044508182794
"359",3.94718701582242,4.69620376840272,4.21917511967267,4.42635828887395,4.24787439574753,4.69381775761342,5.37448896345877,3.30701300936013,6.64718071275804
"360",3.77159584293436,3.61895748529566,4.98216428218799,4.34086371726764,3.07304289372169,3.98082573062005,3.63374307221035,5.18989119470391,3.78622300307928
"361",4.23549384185561,4.88771828429396,4.30089149853815,5.69285173447617,4.72991225378726,5.12825879796056,3.03867919261888,4.8803040265136,4.71094971391562
"362",4.14237903303252,2.81923906142462,4.09929023320792,4.35395819909413,3.62689592576521,3.07531278865689,4.51361363488388,2.47570590910863,3.48655393706077
"363",1.23952605453471,2.8738799172133,2.86583608368113,2.09234167157138,3.04067785263063,3.43822427775837,4.25697486031396,3.61339276597139,3.27412469870714
"364",4.10951502203865,2.45317968776575,3.12541877121305,4.12187356373928,3.716673509158,5.06288643434297,3.9881033499484,4.39165037075878,5.16980717890658
"365",2.63212324434056,3.36542138432078,2.796991710228,3.76761167683274,2.23015910841369,4.2020956835577,3.92776840747733,3.4188222990943,4.5757261492027
"366",3.58509302488366,3.12925914154925,4.03151386340506,4.24433079767942,5.19123394959433,3.96566863984397,3.61601570979811,3.1813011126479,5.19843341965239
"367",3.96250761904735,2.90767695375118,5.04628186392501,5.48675766502,5.01772362194315,6.28553413339272,6.56721116391031,5.72813259940787,5.61894807965864
"368",2.12708234259844,2.17219709389107,3.00834532817759,3.87351831887398,2.46344222064851,3.88137833662944,3.09251389770705,3.79664683192525,3.66366693252849
"369",2.40854693617312,1.63758230650221,2.26205808163739,2.47241560218989,2.44529695283302,3.00041999002153,3.36905218724112,2.39118606525461,5.00733340349038
"370",3.51584392451579,3.51810857254798,4.92704083803822,4.51670255805049,5.33084959046754,5.11784083940957,4.74855622201261,5.63148718146379,5.72614030743596
"371",1.52463793038169,1.20931768825742,2.16286572888057,1.04664265517955,1.66994380324723,1.94948646157394,2.03885546119129,2.221731956558,4.00833292565331
"372",4.27340558480543,2.87163263350203,3.81540616199209,4.29884890696398,3.60766208779502,4.10516806132481,3.2669014093678,5.17565132890238,4.99073823629286
"373",1.49747885074542,3.60215701705347,2.69489979626054,3.82594087855044,1.48008881695236,4.33358782575233,4.85098878886032,3.88849231519129,4.92485818921791
"374",3.0892901935454,3.85397477008638,3.72677635199715,4.39068652743248,3.68166214490755,2.82315431023014,4.14445503128386,2.88784218992894,5.27520057715721
"375",2.70805208776624,3.11020295028798,3.53624595712503,3.7371513536744,1.59203501903632,4.85070534574423,4.66651324823246,4.2061921459901,3.99108252536729
"376",4.46168897671911,3.75255432010533,3.76563000508611,3.37646077796079,3.40717850929568,3.84016619608723,2.60905230186798,3.17426280080736,3.67729244195761
"377",3.59977158530531,2.57512114066333,2.33992888614393,4.51803703940562,2.37317867007285,2.44664851281556,3.97997610178564,1.95293235739933,3.89265975375543
"378",2.7626157016493,5.2667476530398,5.31976662214548,4.43012253617206,2.8856444826032,3.39886965903349,3.94699942699923,5.26864452895914,5.59126818783782
"379",1.42880749036877,1.68927528648109,3.29044782364423,2.87268314978182,3.24062374766881,2.71125105762719,2.74993009823237,2.90602598952223,3.06777021502901
"380",1.60255002486353,3.34270128504226,3.49453586920157,4.07282103185401,2.22090145375402,2.76467742037776,3.60272663936959,3.42227793717856,3.34095621062708
"381",2.33173177543633,2.27101521399563,2.77184895860769,3.32584162966186,3.39600891249092,3.85859734047997,3.15541830881331,2.80629284431591,3.87499353799141
"382",3.76636252906389,3.01479238686089,4.20869243212626,2.84597047172078,2.3063265595917,3.28533887985653,3.34562101783291,2.70621902770197,3.28305127573436
"383",3.27786948843159,3.64961281002093,3.03067093699442,3.87869286112552,3.87165953766761,4.23651952500552,4.81648218249104,4.27554816973791,4.07315049527193
"384",2.97754062502393,2.54579928093559,2.87759836348481,3.60930948978914,2.40287842893481,3.14483834771376,3.98395578270359,4.53135945795892,3.82073457925321
"385",4.78600790655515,4.03051820348185,5.64983596532404,6.89303723487356,5.21625552547985,5.97000211344279,6.47165573621001,5.73798504793711,5.47676911699643
"386",4.94215414280244,6.09153708449256,5.17634342123816,3.88237472231517,2.60291916167105,6.21158694830101,6.87447929925368,6.02330513409761,6.26833755707811
"387",3.42901164144635,3.61468884195751,4.08838766276726,4.14512277493902,2.48841231819221,3.23657892684909,5.01716282517925,5.23959678070616,4.23557218945741
"388",4.54403394940678,4.5424170030856,3.69474415527135,5.22385754523291,3.94656221083413,5.39262017505853,4.44858332156107,4.66068911096018,4.37581489287235
"389",2.188485436678,1.75060551062842,1.3719361199801,1.33417494511558,1.22482649940884,2.8042751440858,3.3780542674706,1.97156223156265,2.73208975718433
"390",4.52542955406891,3.16764414442139,2.2367787323872,4.3338407775234,3.81582845975938,5.37657303813525,3.53132349541535,3.08026040578948,5.25004135273061
"391",2.66877115227682,3.58444732947361,4.10609974419661,3.98390662352049,2.42917146686893,3.34378260347647,4.55541704517057,4.10227160198326,4.5904224870342
"392",4.09093929851749,5.65416351503784,5.03650534908388,3.98430234510839,5.896713280539,4.82267767145948,5.25760302907408,4.97707896566637,6.09433811105185
"393",2.621069959787,2.76342097008957,3.34330668292569,5.04813986584898,3.82919052009393,4.37437488871989,5.17786698379884,4.37308368702701,5.07448063217636
"394",3.4951336420467,4.22837654942806,3.79961647109087,3.0328316916656,2.84400889034238,3.27548227501503,2.72933128240079,2.85598914042539,4.66258576808033
"395",2.69051060175856,4.11151207407385,4.10678055566392,5.22192164459232,3.24100700880065,3.43249856167225,4.57935313946616,5.20699034883637,3.72060227030232
"396",3.35003074562794,2.9046990317824,3.46140001662204,4.40432802583697,2.89474527091606,4.34335799314052,4.78455480178615,4.0163208885488,4.52298557541657
"397",2.92569901372232,3.55671184307639,4.11191988691143,2.85440452668105,4.03324166164392,3.27599530653698,4.4759910425282,2.72095937743699,4.09983136023975
"398",4.33548188538003,3.93298250210934,3.45787017116763,4.59685224049024,4.83776405267742,4.13182437939463,4.27232691864607,3.80741831337554,5.87792258491181
"399",3.98042585664466,2.02817866666609,3.23769920290179,2.62176998750788,3.48356604350183,3.75916308789715,4.23953984483436,4.97653195101385,3.95458057906278
"400",5.48588189904002,5.01522038880572,4.87113984573001,4.81556997202405,3.79657486303377,4.3541412948928,3.7382907564266,4.29104601127026,6.31010859894935
"401",3.47027623460698,4.06473542641961,5.06012274040592,4.255106074662,4.78041227038995,5.12730115870279,4.33866456948959,5.81511398299229,5.60903886723039
"402",2.87795853779696,3.42566721406327,2.50688062382008,2.82487130294744,3.10318351026263,3.46301989025953,2.9385407425947,2.21845161808087,3.0090108388614
"403",4.06731785401549,3.4240371196944,4.24610496344855,4.45785835368615,4.44411714462782,4.84869199242178,4.57287686875554,4.66824682593748,4.35979557195623
"404",3.97866857490563,3.29256373323218,4.22067664604574,4.10520309826632,2.74706857243357,3.85390083229847,3.22621176217813,2.39390374491708,4.3383040776804
"405",1.78329177552916,1.72501826852058,3.95114565840024,3.2769263761166,2.12510363634924,3.30891678195764,2.87661299628752,4.08841341282256,3.92085241335591
"406",4.41410921985544,4.64675602863382,1.59604206674063,4.2840201596792,3.6403192870262,5.35146314759246,7.3521697287278,6.16359776575108,4.31739753738041
"407",3.71827917192008,5.53121253941471,4.03975356241514,2.35752620497462,2.79685793127826,4.20311726866231,2.97428263767249,2.60560297235265,4.46717798053989
"408",3.31866066664751,3.53690511761505,4.00742497881972,2.70536607476848,2.16305344638604,3.6109916127269,3.91968272675867,3.63402737508221,6.0857413103231
"409",2.81730534508158,3.18351702698299,4.04270689575484,3.15076077057059,2.92915780017151,4.17250855478531,2.39738233389881,2.88706289132101,3.86225670354771
"410",3.77504077632456,3.42691053841456,2.52985904656468,3.97672098388444,4.18214090089093,4.51549789209143,4.25228509122886,4.36052181015072,4.70517337729446
"411",3.92217561047812,3.55417007015747,4.42689484753776,2.6861493806598,3.53586395949505,3.92787098051156,3.1479345242466,3.38230916425561,4.44278004643966
"412",6.39400721398079,4.9578275327657,5.69204193226559,6.33646883149771,4.76460474688723,7.05582016230064,6.31382555262683,5.64402509030633,6.62434577180969
"413",3.27679623049263,2.05163879143191,1.54125209603456,4.0471028912032,1.31435168608049,2.92239680643938,3.72708779166278,3.33448758087651,3.12757424328621
"414",3.21362256295564,3.58586236592583,2.35919865834202,2.87291761091493,3.05002299235734,3.38370361013667,5.25655120243804,2.86062420328264,4.07192200859394
"415",1.55241698670299,1.73490190054663,3.72758981263659,3.68879766756328,3.46211047143073,2.93614124415902,3.19783932918439,3.31650972275314,2.73719784974428
"416",4.86299828724788,3.89802149734387,3.20989892906124,2.87750665398522,2.80858624940576,5.02401223281513,2.66348944108502,3.67732914946652,4.90423922055224
"417",3.99970377657642,2.31895183431018,3.85129257584447,3.36482404160317,2.10718915207244,4.42250138215172,4.02142589832523,1.9510727339557,2.91230791882281
"418",3.33394403715005,2.89022990014742,3.31023740384742,4.29226432304797,4.18385399461868,3.69210546187616,3.30145239954281,3.05969102210626,4.86203081706177
"419",2.69249369582671,4.09922056179277,3.79140274700997,3.62036943964826,3.08787425843416,6.17138001806136,3.90989443691402,3.94711418122729,3.47148681595461
"420",2.71266414585984,4.21121379758569,3.67654579345252,4.59676173514919,3.48170296128483,5.15781550200631,4.03164541815384,3.89251863894298,4.60356076547396
"421",3.0623795532626,4.18414450657369,5.18090539356864,4.93729566035291,4.09197752623556,4.30313448171968,5.76922611047035,4.96215443626009,4.08091442776433
"422",2.84423119420399,3.28211996129913,2.4833415585128,3.80843150120999,4.66138436600713,3.43288282510658,4.56012649908896,4.08815186385309,4.61355097834706
"423",2.74915688275337,2.94994923520438,4.49481826026388,4.15266540021326,2.45441016901416,3.6697694084242,3.87752273373223,3.36534032317964,4.3378727702438
"424",3.13264656107994,3.45631466528847,3.43279067506485,3.52921042477006,1.68136869455173,4.5295833672141,4.22092820456498,4.60326991690243,4.68244902348803
"425",4.26862325499419,5.44270396637862,3.32203474667367,3.6976096137222,4.06336352763903,5.10136093215689,4.46615816864806,5.00876065275399,4.82541993359143
"426",2.37603977052024,2.73114120146091,4.55091242244469,3.6571341967597,4.40417316561578,5.41198319832063,5.4119125172929,4.53357858067166,5.24922845483458
"427",2.55288917966171,3.32872943805898,2.99739008631374,4.28299105382213,3.58622795850464,4.41260431987288,3.58089094574934,3.78465597999717,5.05013649900727
"428",3.40494001211544,2.51490880877068,4.00532294582315,3.82288245105547,3.47778652585132,4.52153092156818,3.8970535915658,4.00796383158771,5.25446287219688
"429",3.84658956484662,4.0348252896532,4.46922628048879,4.64939526016069,4.02457533333369,4.00414170498091,5.69651043759641,3.51818498800722,5.27037906295873
"430",2.8523053211929,1.68666231922199,3.5144101340355,3.51530192070896,4.09560162538981,3.91778835909911,5.04946262056198,3.76335403166644,4.53785091704091
"431",4.74543892095311,3.41072531008706,4.6202476992578,5.19724292721633,4.51736269016744,5.15986735215371,4.99555262745574,3.41223373973306,5.60724947904285
"432",2.29072761147852,3.06953899702542,2.61511209212618,3.40840420910402,2.96332043424861,4.1316157180708,4.29447779958355,4.60383431183874,3.37226702935872
"433",3.13865726765392,3.80163956179685,5.01774506156468,2.87086871928229,4.83542120794249,4.37807200124442,3.2959019079597,3.27839476602406,4.99622666457031
"434",3.57252551950447,4.30775116621753,5.3257478394438,5.45913520736596,5.49310593147662,6.27475007817127,4.76637219288373,5.06121140932117,5.56442918343703
"435",4.05150199107927,3.19185715431353,4.0232194174391,5.4789032661871,2.75270165605474,4.54887673085168,5.28890245424785,2.14799088906943,5.486772433152
"436",2.19080825538481,2.62847372209443,3.64109367217277,2.77521275098677,3.28706813783296,2.45103702816992,3.53511218360988,3.08771611765804,4.00597015067475
"437",3.05033566449625,2.57307331322793,2.44008184335939,1.60599807308006,2.13549697434753,2.42854284148468,5.61817613043336,3.44748861227893,3.69526373348716
"438",3.04669469631478,2.06206813758761,3.32573481699809,4.21237654789878,2.22633258997888,3.56543282233248,4.0021588391984,3.50099034114658,5.8455909066505
"439",3.63000151803635,3.93807488145334,3.46411084194448,3.24557242764254,4.29620897942173,4.18469675769047,4.83695084199946,3.68845115481287,4.92826950006946
"440",3.74491187470518,3.93176871420161,2.97701933546599,2.20723402834215,3.67239704757266,3.80092095633476,3.64591741831133,4.8109927563856,2.81233218551669
"441",3.72364811798774,4.41186303060728,3.64711165856341,3.09971851711927,3.38268900058046,3.04002032774001,2.98111939528716,3.13428698028503,4.39246462990744
"442",3.69426007223082,4.94296562676479,5.18369264214675,3.17219000590891,2.77651209849229,4.47698197383003,5.5325178738413,4.6901715007377,5.20808071909693
"443",3.08943254174064,3.39866158822607,3.75866303057546,3.55705589133476,3.38664560951728,3.60882801878643,5.2878226527256,4.39521802528438,4.43678068619861
"444",2.91252203911642,2.46028663662639,2.39349950201395,3.54270470779515,3.14762269527866,2.00789888088538,3.89477521015291,3.47591724934699,5.20791507494762
"445",3.72388600097437,2.21803373937808,2.37725792847264,3.13291112721473,3.21453946531328,2.58750236592264,1.29198946666335,4.02622947026578,3.19818705940871
"446",1.13351607207615,1.54823152429319,2.64921762879329,3.70928307461938,1.14134965726481,2.69457835239612,3.42109970107675,4.28821727607455,3.61217699606015
"447",2.62083354270703,2.24069646135175,3.8984866696728,2.07638807676276,2.67568695466539,2.88413232632193,3.60814995765754,2.60150381363191,3.5519759523599
"448",4.33195256925946,2.05623115772658,3.89934010640774,3.5308401264308,3.54434951104413,3.29939752702031,5.20272540847089,2.83176139981668,4.71977153642094
"449",3.07980760600174,2.96572306061971,4.68629497872948,3.39043036101108,4.48157585748856,5.18423594562362,2.17790041242089,4.4692670410122,4.74816595923889
"450",3.7431471901877,2.95125136368314,5.12038879652702,4.61325801141609,4.52657349664923,4.680702682823,5.22366253200422,4.15377632942933,6.38239868774837
"451",0.593308700829906,2.25207054341617,1.71730428301129,0.260506058322687,2.74029666951152,1.89414689536816,3.39942005963264,2.95264599419101,3.0963244313446
"452",3.54385703118654,2.66977949505946,4.59306149641966,3.59858647395817,4.19946413902871,4.09562143697073,4.36986852466644,2.76865014491267,5.42179266742578
"453",3.4420645894597,3.13125993002571,1.87095454889155,3.16864725856354,2.22943816939752,2.23079760232479,3.60475456052548,4.94223450257242,3.33242592025964
"454",4.36492848557027,3.80540437169744,5.5655739608341,4.25746277178983,4.40151968901119,5.16166678659789,4.08392972357521,4.78496716848992,5.69083585870783
"455",4.2651878069855,1.62738913947571,4.4860775188432,2.82344034957076,3.9861664678565,3.69397548550864,4.47604255998056,3.15356685897183,6.4727000963957
"456",2.92465404656079,2.71889561114166,3.47960489376953,4.06643514395335,4.11176894019382,3.37879460716263,3.49352380921941,3.30132567345477,3.78634118921337
"457",3.78315604089735,1.74050951601162,3.16994221592779,3.65793208287425,2.86410351370714,5.04864050097622,5.773216411041,4.43206793663015,5.48981457125549
"458",2.41386887646994,3.62602546191448,2.57784718950218,3.14792692623354,2.76321307807123,4.22933823744598,4.00532026216927,5.00003439712519,4.47538699597479
"459",1.15840129367117,2.8506045684403,3.45065287667795,3.60768237352685,3.46522610715719,2.59069023309091,3.43802980209761,3.61541946271268,3.58100486095109
"460",4.08779896157516,3.36536326424054,2.8915243293877,3.37660570118243,4.05085054260737,3.33341225478316,3.89463982608762,4.21079387531335,3.95544081055815
"461",3.47005260348884,3.61262343619459,3.57094371180596,3.23202034203174,2.33200935550667,2.67247523478737,4.39160110427689,4.52530997034657,4.57092315552657
"462",3.53516545986775,3.60326385676454,4.05412701090144,3.64411033912723,4.4173482866011,4.6558403609081,3.68318376380428,4.43486769975605,4.83153752004152
"463",5.73830710239609,4.73768544685,6.08508968373079,5.52213189102067,3.27839662965017,4.95583665280513,4.15762501684321,5.87876345303022,5.62807148474052
"464",4.86700437697775,3.52997697871452,4.13837791039144,4.22922018823573,3.97230528374641,3.90732450570929,4.68521590941741,2.60283615150173,4.68828606614215
"465",4.80433981383929,4.19079852734458,4.00853582249478,4.28919564336281,3.36042751542714,4.11509738180217,3.75278953451873,3.04744316310737,4.5670381131226
"466",2.89713866259354,3.20393328285154,3.53886583779115,3.79938201629351,2.92259091360237,4.24449607593536,3.90719377434149,4.40931549022386,4.60262032020495
"467",3.07325897011573,4.42968989941467,4.54694060275189,2.87739696754865,3.34886395048325,4.68498245349052,4.30619906766828,5.14470228254716,5.42303793457816
"468",4.22428453848442,3.59363880136579,4.25920971686298,4.55754513483231,5.11634318539779,6.15066373206198,5.50964043295471,5.32589825126307,6.94962393253993
"469",2.46749421164591,3.52728744986583,4.29665811275733,3.60978163809357,2.45567507241877,3.94442306877812,3.81873280019125,5.08789673276431,5.9060137699855
"470",3.60555096891223,2.3143302141663,3.0437050421023,3.55881044189618,1.67449260673093,2.69823363796725,3.04910883764346,3.49321347896285,4.24123142502869
"471",3.0300250624595,2.2532958816957,4.20637370549391,4.70734475665644,4.58135518011833,3.89433610556454,3.62502893169055,3.87031073747935,4.02300352853345
"472",3.02019287239916,2.74629564816489,4.3852089665875,5.49975260850369,4.31560348067182,5.83497305367924,4.65862671402458,4.96675902315542,5.30813399346411
"473",2.95213553828304,4.77882214888361,4.22890470333089,4.01128744877518,3.3026840154336,3.13258404199099,2.61950006045642,3.43257099465384,4.32163390162732
"474",4.3219454722381,4.20015264859107,4.27508181983792,2.8755792206805,3.57918269098878,3.56550867607617,4.49816248138923,6.0161594498052,5.28199150441444
"475",3.60679278493958,2.43205217298023,3.23127207688037,4.59114299310957,3.39973851440339,3.98097532502065,1.99159272052807,3.42985605545335,2.57125562249867
"476",3.17443916621266,2.52125738677405,3.38996742832202,3.28987649308534,3.37322686748613,4.32940670719006,4.58525933706902,4.48191808816731,4.22302569668087
"477",3.06713553715307,4.63322693583943,4.41970493575658,2.56759789529311,4.17624611366261,5.49846081824663,4.7147341223782,3.3078957588774,5.65075142038932
"478",4.10875292041999,5.83274682036711,4.86758538562841,5.8862374365192,5.0338650621207,4.70242850208056,5.04137307638608,3.42843076142193,6.11189771565961
"479",2.89133798380243,3.908192688127,3.09845736528433,3.52397745957961,4.08114851408201,4.03851145547298,4.09121135167126,2.31502540258539,3.86867934199184
"480",2.97649335997667,3.28882500716016,3.57931314567744,2.78961271368199,3.06756564815034,3.95022688344385,2.20764770538206,2.76960721408461,3.48808547935333
"481",3.07846713904125,3.13583187466113,2.92415937976916,3.46312466748228,3.01859759225129,4.56722482064673,5.37163006261686,4.91883955430279,4.37895352537422
"482",3.73819478004723,2.58030030170697,2.82139823359755,3.69360389842577,2.92270318699326,4.28809517904442,2.57288732454439,2.45546820490464,3.4593211021033
"483",5.03294440900969,5.03032436331624,6.4881427034699,3.60254971274308,4.63643740365112,5.04183404587856,4.52145555405892,5.37220611805478,4.6661255944763
"484",4.61077054341037,2.47750580572016,3.42786339235235,2.58007050108262,4.10608285606718,4.53810381961661,3.87105423664836,4.47250220771987,4.53314200189983
"485",1.46885823206212,0.796933200963211,3.61400845225473,2.31330113148551,3.03646807110101,2.34810753578007,4.88395122436806,3.81336214418333,2.72775087616528
"486",5.08124165003779,2.67804625114457,3.44378637088038,3.88873087876111,4.19935623225888,6.05445919682957,5.46607259259382,4.3806427063256,5.92986614543223
"487",4.63576218860598,5.52420444459217,5.06898514397497,4.91664215920157,5.76706500327872,7.8238994306719,5.09203179736055,5.14862838334105,6.35001286179669
"488",3.9333533917729,1.22081902498037,4.72834469868902,3.86467425367796,4.09881004398249,4.1354674942611,5.73176404048066,4.66880226810812,5.34410710163923
"489",4.60410275231955,2.44816526188185,4.42945153455624,4.41398351731852,3.7072717468758,4.75781405875285,4.63255303495208,3.57107272793133,4.43054072700155
"490",4.93566922763075,4.08917062578906,4.42789752247982,5.63467429993629,3.57015623577137,5.28152517031681,6.63935726235421,4.56933445627694,6.69274437344374
"491",5.05524105120949,3.57832230589872,5.45496736875477,4.4424173284719,4.16844080512886,3.59138454085288,3.93810589137746,4.12773468217345,4.60434075127412
"492",1.42415691742514,0.97590804922091,0.973137104207267,1.79527771895456,0.963420280444159,1.99434721698029,0.865564838607138,1.90696247956142,1.97363369915922
"493",4.18757098743454,3.61723999336412,4.77254001664677,3.40406641942045,2.98692758432243,3.81677544739979,3.36252300066933,3.15766470180208,4.19448568195999
"494",4.52614235956125,4.26096324793453,4.28144738364427,4.87424417264763,5.32404132511462,4.62232317828496,3.84546397199274,4.85625630175053,5.45366112207662
"495",4.82779838493756,3.57328916859255,5.64055226946536,6.45865551945309,5.32103920712887,4.8470048498411,4.88587492271973,4.42039601070521,5.16964752660698
"496",2.06271371407541,3.58262654014177,3.32784734602351,3.85962191248508,2.9236472901395,2.86877205171098,3.18551356523332,3.10542049697892,4.1691589224132
"497",5.41135658068835,4.4568225294887,4.2933092030772,4.39509524820327,3.16938511440924,4.84844439023526,3.80006959869432,4.76676563642072,4.8560748907513
"498",3.98775375346823,3.63522482847393,4.78450393137331,4.74223950688122,3.19874566690777,3.85584945982121,3.91911327080525,4.42713303782407,5.00127298289977
"499",4.19414788294658,2.10626887624374,4.94707033461788,4.00352048996847,3.81884149159087,2.66914646518955,3.10459303469919,4.19038991238218,3.09002370485375
"500",4.14689755634936,2.08173503863035,4.64850961677357,4.20378034488493,5.55566262383539,4.28393294919069,4.21011870858913,2.73438598162818,5.71236212881606
